frame,ata,canberk,deniz,oya,yavuz,group,file
0,0,0,0,0,0,0,v0
1,0,0,0,0,0,0,v0
2,0,0,0,0,0,0,v0
3,0,0,0,0,0,0,v0
4,0,0,0,0,0,0,v0
5,0,0,0,0,0,0,v0
6,0,0,0,0,0,0,v0
7,1,0,0,0,0,0,v0
8,1,0,0,0,0,0,v0
9,1,0,0,0,0,0,v0
10,1,0,0,0,1,0,v0
11,1,0,0,0,1,0,v0
12,1,0,0,0,1,0,v0
13,1,0,0,0,1,0,v0
14,1,0,0,0,1,0,v0
15,1,0,0,0,1,0,v0
16,1,0,0,0,1,0,v0
17,1,0,0,0,1,0,v0
18,1,0,0,0,1,0,v0
19,1,0,0,0,1,0,v0
20,1,0,0,0,1,0,v0
21,1,0,0,0,1,0,v0
22,1,0,0,0,1,0,v0
23,1,0,0,0,0,0,v0
24,1,0,0,0,0,0,v0
25,1,0,0,0,0,0,v0
26,1,0,0,0,0,0,v0
27,1,0,0,0,0,0,v0
28,1,0,0,0,0,0,v0
29,1,0,0,0,0,0,v0
30,1,0,0,0,0,0,v0
31,1,1,0,0,0,0,v0
32,1,2,0,0,0,0,v0
33,1,2,0,0,1,0,v0
34,1,2,0,0,1,0,v0
35,1,2,0,0,1,0,v0
36,1,2,0,0,1,0,v0
37,1,2,0,0,1,0,v0
38,1,2,0,1,1,0,v0
39,1,2,0,1,1,0,v0
40,1,2,0,2,1,0,v0
41,1,2,0,2,1,0,v0
42,1,2,0,2,1,0,v0
43,1,2,0,2,1,0,v0
44,1,2,0,2,1,0,v0
45,1,2,0,2,1,0,v0
46,1,2,0,2,1,0,v0
47,1,2,0,2,1,0,v0
48,1,2,0,2,1,0,v0
49,1,2,0,2,1,0,v0
50,1,2,0,2,1,0,v0
51,1,2,0,2,1,0,v0
52,1,2,0,2,1,0,v0
53,1,2,0,2,1,0,v0
54,1,2,0,2,1,0,v0
55,1,2,0,2,1,0,v0
56,1,2,0,2,1,0,v0
57,1,2,0,2,1,0,v0
58,1,2,0,2,1,0,v0
59,1,2,0,2,1,0,v0
60,1,2,0,2,1,0,v0
61,1,2,0,2,1,0,v0
62,1,2,-1,2,1,-1,v0
63,1,2,-1,2,1,-1,v0
64,1,2,-1,2,1,-1,v0
65,1,2,-1,2,1,-1,v0
66,1,2,-1,2,1,-1,v0
67,1,2,-1,2,1,-1,v0
68,1,2,-1,2,1,-1,v0
69,1,2,-1,2,1,-1,v0
70,1,2,-1,2,1,-1,v0
71,1,2,-1,2,1,-1,v0
72,1,2,-1,2,1,-1,v0
73,1,2,-1,2,1,-1,v0
74,1,2,-1,2,1,-1,v0
75,1,2,-1,2,1,-1,v0
76,1,2,-1,2,1,-1,v0
77,1,2,-1,2,1,-1,v0
78,1,2,-1,2,1,-1,v0
79,1,2,-1,2,1,-1,v0
80,1,2,-1,2,1,-1,v0
81,1,2,-1,2,1,-1,v0
82,1,2,-1,2,1,-1,v0
83,1,2,-1,2,1,-1,v0
84,1,2,-1,2,1,-1,v0
85,1,2,-1,2,1,-1,v0
86,1,2,-1,2,1,-1,v0
87,1,2,-1,2,1,-1,v0
88,1,2,-1,2,0,-1,v0
89,1,2,-1,2,0,-1,v0
90,1,1,-1,2,0,-1,v0
91,1,1,-1,2,0,-1,v0
92,1,1,-1,2,0,-1,v0
93,1,1,-1,2,0,-1,v0
94,1,1,-1,2,0,-1,v0
95,1,1,-1,2,0,-1,v0
96,1,1,-1,2,0,-1,v0
97,1,1,-1,2,0,-1,v0
98,1,1,0,2,0,0,v0
99,1,1,0,2,0,0,v0
100,1,1,0,2,0,0,v0
101,1,1,0,2,0,0,v0
102,1,1,0,2,0,0,v0
103,1,1,0,2,0,0,v0
104,1,1,0,2,0,0,v0
105,1,1,0,2,0,0,v0
106,1,1,0,2,0,0,v0
107,1,1,0,2,0,0,v0
108,1,1,0,2,0,0,v0
109,1,1,0,2,0,0,v0
110,1,1,0,2,0,0,v0
111,1,1,0,2,0,0,v0
112,1,2,0,2,0,0,v0
113,1,2,0,2,0,0,v0
114,1,2,0,1,0,0,v0
115,1,2,0,1,0,0,v0
116,1,2,0,1,0,0,v0
117,1,2,0,1,0,0,v0
118,0,2,0,1,0,0,v0
119,0,2,0,1,0,0,v0
120,0,2,0,1,0,0,v0
121,0,2,0,1,0,0,v0
122,0,2,0,1,0,0,v0
123,0,2,0,1,0,0,v0
124,0,2,0,1,0,0,v0
125,0,2,0,1,0,0,v0
126,0,2,0,1,1,0,v0
127,0,2,0,1,1,0,v0
128,0,2,0,1,1,0,v0
129,0,2,0,1,1,0,v0
130,0,2,0,0,1,0,v0
131,0,2,0,0,1,0,v0
132,0,2,0,0,1,0,v0
133,0,2,0,0,1,0,v0
134,0,2,0,0,1,0,v0
135,0,2,0,0,1,0,v0
136,0,2,0,0,1,0,v0
137,0,2,0,0,1,0,v0
138,0,2,0,0,1,0,v0
139,0,2,0,0,1,0,v0
140,0,2,0,0,1,0,v0
141,0,2,0,0,1,0,v0
142,0,2,0,0,1,0,v0
143,0,2,0,0,1,0,v0
144,0,2,0,0,1,0,v0
145,0,2,0,1,1,0,v0
146,0,2,0,1,1,0,v0
147,0,2,0,1,1,0,v0
148,0,2,0,1,1,0,v0
149,0,2,0,1,1,0,v0
150,0,2,0,1,1,0,v0
151,0,2,0,1,1,0,v0
152,0,2,0,1,1,0,v0
153,0,2,0,1,1,0,v0
154,0,2,0,1,1,0,v0
155,0,2,0,1,1,0,v0
156,0,2,0,1,1,0,v0
157,0,2,0,1,1,0,v0
158,0,2,0,1,1,0,v0
159,0,2,0,1,1,0,v0
160,0,2,0,1,1,0,v0
161,0,2,0,1,1,0,v0
162,0,2,0,1,1,0,v0
163,0,2,0,1,1,0,v0
164,0,2,0,1,1,0,v0
165,0,2,0,1,1,0,v0
166,0,2,0,1,1,0,v0
167,0,2,0,1,2,0,v0
168,0,2,0,1,2,0,v0
169,0,2,0,1,2,0,v0
170,0,2,0,1,2,0,v0
171,0,2,0,1,2,0,v0
172,0,2,0,1,2,0,v0
173,0,2,0,1,2,0,v0
174,0,1,0,1,2,0,v0
175,0,1,0,1,2,0,v0
176,0,1,0,1,2,0,v0
177,0,1,0,1,1,0,v0
178,0,1,0,1,0,0,v0
179,0,1,0,1,0,0,v0
180,0,1,0,1,0,0,v0
181,0,1,0,1,0,0,v0
182,0,1,0,1,0,0,v0
183,0,1,-1,0,0,-1,v0
184,0,1,-1,0,0,-1,v0
185,0,1,-1,0,0,-1,v0
186,0,1,-1,0,0,-1,v0
187,0,1,-1,0,0,-1,v0
188,0,1,-1,0,0,-1,v0
189,0,1,-1,0,0,-1,v0
190,0,1,-1,0,0,-1,v0
191,0,1,-1,0,0,-1,v0
192,0,1,-1,0,0,-1,v0
193,0,1,-1,0,0,-1,v0
194,0,1,-1,0,0,-1,v0
195,0,1,-1,0,0,-1,v0
196,0,1,-1,0,0,-1,v0
197,0,2,-1,0,0,-1,v0
198,0,2,-1,0,1,-1,v0
199,0,2,-1,0,0,-1,v0
200,0,2,-1,0,0,-1,v0
201,0,2,-1,0,-1,-1,v0
202,0,2,-1,0,-1,-1,v0
203,0,2,-1,0,-1,-1,v0
204,0,2,-1,0,-1,-1,v0
205,0,2,-1,0,-1,-1,v0
206,0,2,-1,0,-1,-1,v0
207,0,2,-1,0,-1,-1,v0
208,0,2,-1,0,-1,-1,v0
209,0,2,-1,0,0,-1,v0
210,0,2,-1,0,0,-1,v0
211,0,2,-1,0,0,-1,v0
212,0,2,-1,0,0,-1,v0
213,0,2,-1,0,0,-1,v0
214,0,2,-1,0,0,-1,v0
215,0,2,-1,0,-1,-1,v0
216,0,2,-1,0,-1,-1,v0
217,0,2,-1,0,-1,-1,v0
218,0,2,-1,0,-1,-1,v0
219,0,2,-1,0,-1,-1,v0
220,0,2,-1,0,-1,-1,v0
221,0,2,-1,0,-1,-1,v0
222,0,2,-1,0,-1,-1,v0
223,0,2,-1,0,-1,-1,v0
224,0,2,-1,0,-1,-1,v0
225,0,2,-1,0,-1,-1,v0
226,0,2,-1,0,-1,-1,v0
227,0,2,-1,0,-1,-1,v0
228,0,2,-1,0,-1,-1,v0
229,0,2,-1,0,-1,-1,v0
230,0,2,-1,0,-1,-1,v0
231,0,2,-1,0,-1,-1,v0
232,0,2,-1,0,-1,-1,v0
233,0,2,-1,0,-1,-1,v0
234,0,2,-1,0,-1,-1,v0
235,0,2,-1,0,-1,-1,v0
236,0,2,-1,0,-1,-1,v0
237,0,2,-1,0,-1,-1,v0
238,0,2,-1,0,-1,-1,v0
239,0,2,-1,0,-1,-1,v0
240,0,2,-1,0,-1,-1,v0
241,0,2,-1,0,-1,-1,v0
242,0,2,-1,0,-1,-1,v0
243,0,2,-1,0,-1,-1,v0
244,0,2,-1,0,-1,-1,v0
245,0,2,-1,0,-1,-1,v0
246,0,2,-1,0,-1,-1,v0
247,0,2,-1,0,-1,-1,v0
248,0,2,-1,0,-1,-1,v0
249,0,2,-1,0,-1,-1,v0
250,0,2,-1,0,-1,-1,v0
251,0,2,-1,0,-1,-1,v0
252,0,2,-1,0,-1,-1,v0
253,0,2,-1,0,-1,-1,v0
254,0,2,-1,0,-1,-1,v0
255,0,2,-1,0,-1,-1,v0
256,0,2,-1,0,-1,-1,v0
257,0,2,-1,0,-1,-1,v0
258,0,2,-1,0,-1,-1,v0
259,0,2,-1,0,-1,-1,v0
260,0,2,-1,0,-1,-1,v0
261,0,2,-1,0,-1,-1,v0
262,0,2,-1,0,-1,-1,v0
263,0,2,-1,0,-1,-1,v0
264,0,2,-1,0,-1,-1,v0
265,0,2,-1,0,-1,-1,v0
266,0,2,-1,0,-1,-1,v0
267,0,2,-1,0,-1,-1,v0
268,0,2,-1,0,-1,-1,v0
269,0,2,-1,0,-1,-1,v0
270,0,2,-1,0,-1,-1,v0
271,0,2,-1,0,-1,-1,v0
272,0,2,-1,0,-1,-1,v0
273,0,2,-1,0,-1,-1,v0
274,0,2,-1,0,-1,-1,v0
275,0,2,-1,0,-1,-1,v0
276,0,2,-1,0,-1,-1,v0
277,0,2,-1,0,-1,-1,v0
278,-2,2,-1,0,-1,-1,v0
279,-1,2,-1,0,-1,-1,v0
280,-1,2,-1,0,-2,-1,v0
281,-1,2,-1,0,-2,-1,v0
282,-1,2,-1,0,-2,-1,v0
283,-1,2,-1,0,-2,-1,v0
284,-1,2,-1,0,-2,-1,v0
285,-1,2,-1,0,-2,-1,v0
286,-1,2,-1,0,-2,-1,v0
287,-1,2,-1,0,-2,-1,v0
288,-1,2,-1,0,-2,-1,v0
289,-1,2,-1,1,-2,-1,v0
290,-1,2,-1,1,-2,-1,v0
291,-1,2,-1,1,-2,-1,v0
292,-1,2,0,1,-2,0,v0
293,-1,2,0,1,-2,0,v0
294,-1,2,0,1,-1,0,v0
295,-1,2,0,1,0,0,v0
296,-1,2,0,1,0,0,v0
297,-1,2,0,1,0,0,v0
298,-1,2,0,1,0,0,v0
299,-1,2,0,1,0,0,v0
300,-1,2,0,1,1,0,v0
301,-1,2,0,1,1,0,v0
302,-1,2,0,1,1,0,v0
303,-1,2,0,1,1,0,v0
304,-1,2,0,1,1,0,v0
305,-1,2,0,1,1,0,v0
306,-1,2,0,1,1,0,v0
307,-1,2,0,1,1,0,v0
308,-1,2,0,1,1,0,v0
309,-1,2,0,1,1,0,v0
310,-1,2,0,1,1,0,v0
311,-1,2,0,1,1,0,v0
312,-1,2,0,1,1,0,v0
313,-1,2,0,1,1,0,v0
314,-1,2,0,1,1,0,v0
315,-1,2,0,1,1,0,v0
316,-1,2,0,1,1,0,v0
0,0,0,0,0,0,0,v0
1,0,0,0,0,0,0,v0
2,0,0,0,0,0,0,v0
3,0,0,0,0,0,0,v0
4,0,0,0,0,0,0,v0
5,0,0,0,0,0,0,v0
6,0,0,0,0,0,0,v0
7,1,0,0,0,0,0,v0
8,1,0,0,0,0,0,v0
9,1,0,0,0,0,0,v0
10,1,0,0,0,1,0,v0
11,1,0,0,0,1,0,v0
12,1,0,0,0,1,0,v0
13,1,0,0,0,1,0,v0
14,1,0,0,0,1,0,v0
15,1,0,0,0,1,0,v0
16,1,0,0,0,1,0,v0
17,1,0,0,0,1,0,v0
18,1,0,0,0,1,0,v0
19,1,0,0,0,1,0,v0
20,1,0,0,0,1,0,v0
21,1,0,0,0,1,0,v0
22,1,0,0,0,1,0,v0
23,1,0,0,0,0,0,v0
24,1,0,0,0,0,0,v0
25,1,0,0,0,0,0,v0
26,1,0,0,0,0,0,v0
27,1,0,0,0,0,0,v0
28,1,0,0,0,0,0,v0
29,1,0,0,0,0,0,v0
30,1,0,0,0,0,0,v0
31,1,1,0,0,0,0,v0
32,1,2,0,0,0,0,v0
33,1,2,0,0,1,0,v0
34,1,2,0,0,1,0,v0
35,1,2,0,0,1,0,v0
36,1,2,0,0,1,0,v0
37,1,2,0,0,1,0,v0
38,1,2,0,1,1,0,v0
39,1,2,0,1,1,0,v0
40,1,2,0,2,1,0,v0
41,1,2,0,2,1,0,v0
42,1,2,0,2,1,0,v0
43,1,2,0,2,1,0,v0
44,1,2,0,2,1,0,v0
45,1,2,0,2,1,0,v0
46,1,2,0,2,1,0,v0
47,1,2,0,2,1,0,v0
48,1,2,0,2,1,0,v0
49,1,2,0,2,1,0,v0
50,1,2,0,2,1,0,v0
51,1,2,0,2,1,0,v0
52,1,2,0,2,1,0,v0
53,1,2,0,2,1,0,v0
54,1,2,0,2,1,0,v0
55,1,2,0,2,1,0,v0
56,1,2,0,2,1,0,v0
57,1,2,0,2,1,0,v0
58,1,2,0,2,1,0,v0
59,1,2,0,2,1,0,v0
60,1,2,0,2,1,0,v0
61,1,2,0,2,1,0,v0
62,1,2,-1,2,1,-1,v0
63,1,2,-1,2,1,-1,v0
64,1,2,-1,2,1,-1,v0
65,1,2,-1,2,1,-1,v0
66,1,2,-1,2,1,-1,v0
67,1,2,-1,2,1,-1,v0
68,1,2,-1,2,1,-1,v0
69,1,2,-1,2,1,-1,v0
70,1,2,-1,2,1,-1,v0
71,1,2,-1,2,1,-1,v0
72,1,2,-1,2,1,-1,v0
73,1,2,-1,2,1,-1,v0
74,1,2,-1,2,1,-1,v0
75,1,2,-1,2,1,-1,v0
76,1,2,-1,2,1,-1,v0
77,1,2,-1,2,1,-1,v0
78,1,2,-1,2,1,-1,v0
79,1,2,-1,2,1,-1,v0
80,1,2,-1,2,1,-1,v0
81,1,2,-1,2,1,-1,v0
82,1,2,-1,2,1,-1,v0
83,1,2,-1,2,1,-1,v0
84,1,2,-1,2,1,-1,v0
85,1,2,-1,2,1,-1,v0
86,1,2,-1,2,1,-1,v0
87,1,2,-1,2,1,-1,v0
88,1,2,-1,2,0,-1,v0
89,1,2,-1,2,0,-1,v0
90,1,1,-1,2,0,-1,v0
91,1,1,-1,2,0,-1,v0
92,1,1,-1,2,0,-1,v0
93,1,1,-1,2,0,-1,v0
94,1,1,-1,2,0,-1,v0
95,1,1,-1,2,0,-1,v0
96,1,1,-1,2,0,-1,v0
97,1,1,-1,2,0,-1,v0
98,1,1,0,2,0,0,v0
99,1,1,0,2,0,0,v0
100,1,1,0,2,0,0,v0
101,1,1,0,2,0,0,v0
102,1,1,0,2,0,0,v0
103,1,1,0,2,0,0,v0
104,1,1,0,2,0,0,v0
105,1,1,0,2,0,0,v0
106,1,1,0,2,0,0,v0
107,1,1,0,2,0,0,v0
108,1,1,0,2,0,0,v0
109,1,1,0,2,0,0,v0
110,1,1,0,2,0,0,v0
111,1,1,0,2,0,0,v0
112,1,2,0,2,0,0,v0
113,1,2,0,2,0,0,v0
114,1,2,0,1,0,0,v0
115,1,2,0,1,0,0,v0
116,1,2,0,1,0,0,v0
117,1,2,0,1,0,0,v0
118,0,2,0,1,0,0,v0
119,0,2,0,1,0,0,v0
120,0,2,0,1,0,0,v0
121,0,2,0,1,0,0,v0
122,0,2,0,1,0,0,v0
123,0,2,0,1,0,0,v0
124,0,2,0,1,0,0,v0
125,0,2,0,1,0,0,v0
126,0,2,0,1,1,0,v0
127,0,2,0,1,1,0,v0
128,0,2,0,1,1,0,v0
129,0,2,0,1,1,0,v0
130,0,2,0,0,1,0,v0
131,0,2,0,0,1,0,v0
132,0,2,0,0,1,0,v0
133,0,2,0,0,1,0,v0
134,0,2,0,0,1,0,v0
135,0,2,0,0,1,0,v0
136,0,2,0,0,1,0,v0
137,0,2,0,0,1,0,v0
138,0,2,0,0,1,0,v0
139,0,2,0,0,1,0,v0
140,0,2,0,0,1,0,v0
141,0,2,0,0,1,0,v0
142,0,2,0,0,1,0,v0
143,0,2,0,0,1,0,v0
144,0,2,0,0,1,0,v0
145,0,2,0,1,1,0,v0
146,0,2,0,1,1,0,v0
147,0,2,0,1,1,0,v0
148,0,2,0,1,1,0,v0
149,0,2,0,1,1,0,v0
150,0,2,0,1,1,0,v0
151,0,2,0,1,1,0,v0
152,0,2,0,1,1,0,v0
153,0,2,0,1,1,0,v0
154,0,2,0,1,1,0,v0
155,0,2,0,1,1,0,v0
156,0,2,0,1,1,0,v0
157,0,2,0,1,1,0,v0
158,0,2,0,1,1,0,v0
159,0,2,0,1,1,0,v0
160,0,2,0,1,1,0,v0
161,0,2,0,1,1,0,v0
162,0,2,0,1,1,0,v0
163,0,2,0,1,1,0,v0
164,0,2,0,1,1,0,v0
165,0,2,0,1,1,0,v0
166,0,2,0,1,1,0,v0
167,0,2,0,1,2,0,v0
168,0,2,0,1,2,0,v0
169,0,2,0,1,2,0,v0
170,0,2,0,1,2,0,v0
171,0,2,0,1,2,0,v0
172,0,2,0,1,2,0,v0
173,0,2,0,1,2,0,v0
174,0,1,0,1,2,0,v0
175,0,1,0,1,2,0,v0
176,0,1,0,1,2,0,v0
177,0,1,0,1,1,0,v0
178,0,1,0,1,0,0,v0
179,0,1,0,1,0,0,v0
180,0,1,0,1,0,0,v0
181,0,1,0,1,0,0,v0
182,0,1,0,1,0,0,v0
183,0,1,-1,0,0,-1,v0
184,0,1,-1,0,0,-1,v0
185,0,1,-1,0,0,-1,v0
186,0,1,-1,0,0,-1,v0
187,0,1,-1,0,0,-1,v0
188,0,1,-1,0,0,-1,v0
189,0,1,-1,0,0,-1,v0
190,0,1,-1,0,0,-1,v0
191,0,1,-1,0,0,-1,v0
192,0,1,-1,0,0,-1,v0
193,0,1,-1,0,0,-1,v0
194,0,1,-1,0,0,-1,v0
195,0,1,-1,0,0,-1,v0
196,0,1,-1,0,0,-1,v0
197,0,2,-1,0,0,-1,v0
198,0,2,-1,0,1,-1,v0
199,0,2,-1,0,0,-1,v0
200,0,2,-1,0,0,-1,v0
201,0,2,-1,0,-1,-1,v0
202,0,2,-1,0,-1,-1,v0
203,0,2,-1,0,-1,-1,v0
204,0,2,-1,0,-1,-1,v0
205,0,2,-1,0,-1,-1,v0
206,0,2,-1,0,-1,-1,v0
207,0,2,-1,0,-1,-1,v0
208,0,2,-1,0,-1,-1,v0
209,0,2,-1,0,0,-1,v0
210,0,2,-1,0,0,-1,v0
211,0,2,-1,0,0,-1,v0
212,0,2,-1,0,0,-1,v0
213,0,2,-1,0,0,-1,v0
214,0,2,-1,0,0,-1,v0
215,0,2,-1,0,-1,-1,v0
216,0,2,-1,0,-1,-1,v0
217,0,2,-1,0,-1,-1,v0
218,0,2,-1,0,-1,-1,v0
219,0,2,-1,0,-1,-1,v0
220,0,2,-1,0,-1,-1,v0
221,0,2,-1,0,-1,-1,v0
222,0,2,-1,0,-1,-1,v0
223,0,2,-1,0,-1,-1,v0
224,0,2,-1,0,-1,-1,v0
225,0,2,-1,0,-1,-1,v0
226,0,2,-1,0,-1,-1,v0
227,0,2,-1,0,-1,-1,v0
228,0,2,-1,0,-1,-1,v0
229,0,2,-1,0,-1,-1,v0
230,0,2,-1,0,-1,-1,v0
231,0,2,-1,0,-1,-1,v0
232,0,2,-1,0,-1,-1,v0
233,0,2,-1,0,-1,-1,v0
234,0,2,-1,0,-1,-1,v0
235,0,2,-1,0,-1,-1,v0
236,0,2,-1,0,-1,-1,v0
237,0,2,-1,0,-1,-1,v0
238,0,2,-1,0,-1,-1,v0
239,0,2,-1,0,-1,-1,v0
240,0,2,-1,0,-1,-1,v0
241,0,2,-1,0,-1,-1,v0
242,0,2,-1,0,-1,-1,v0
243,0,2,-1,0,-1,-1,v0
244,0,2,-1,0,-1,-1,v0
245,0,2,-1,0,-1,-1,v0
246,0,2,-1,0,-1,-1,v0
247,0,2,-1,0,-1,-1,v0
248,0,2,-1,0,-1,-1,v0
249,0,2,-1,0,-1,-1,v0
250,0,2,-1,0,-1,-1,v0
251,0,2,-1,0,-1,-1,v0
252,0,2,-1,0,-1,-1,v0
253,0,2,-1,0,-1,-1,v0
254,0,2,-1,0,-1,-1,v0
255,0,2,-1,0,-1,-1,v0
256,0,2,-1,0,-1,-1,v0
257,0,2,-1,0,-1,-1,v0
258,0,2,-1,0,-1,-1,v0
259,0,2,-1,0,-1,-1,v0
260,0,2,-1,0,-1,-1,v0
261,0,2,-1,0,-1,-1,v0
262,0,2,-1,0,-1,-1,v0
263,0,2,-1,0,-1,-1,v0
264,0,2,-1,0,-1,-1,v0
265,0,2,-1,0,-1,-1,v0
266,0,2,-1,0,-1,-1,v0
267,0,2,-1,0,-1,-1,v0
268,0,2,-1,0,-1,-1,v0
269,0,2,-1,0,-1,-1,v0
270,0,2,-1,0,-1,-1,v0
271,0,2,-1,0,-1,-1,v0
272,0,2,-1,0,-1,-1,v0
273,0,2,-1,0,-1,-1,v0
274,0,2,-1,0,-1,-1,v0
275,0,2,-1,0,-1,-1,v0
276,0,2,-1,0,-1,-1,v0
277,0,2,-1,0,-1,-1,v0
278,-2,2,-1,0,-1,-1,v0
279,-1,2,-1,0,-1,-1,v0
280,-1,2,-1,0,-2,-1,v0
281,-1,2,-1,0,-2,-1,v0
282,-1,2,-1,0,-2,-1,v0
283,-1,2,-1,0,-2,-1,v0
284,-1,2,-1,0,-2,-1,v0
285,-1,2,-1,0,-2,-1,v0
286,-1,2,-1,0,-2,-1,v0
287,-1,2,-1,0,-2,-1,v0
288,-1,2,-1,0,-2,-1,v0
289,-1,2,-1,1,-2,-1,v0
290,-1,2,-1,1,-2,-1,v0
291,-1,2,-1,1,-2,-1,v0
292,-1,2,0,1,-2,0,v0
293,-1,2,0,1,-2,0,v0
294,-1,2,0,1,-1,0,v0
295,-1,2,0,1,0,0,v0
296,-1,2,0,1,0,0,v0
297,-1,2,0,1,0,0,v0
298,-1,2,0,1,0,0,v0
299,-1,2,0,1,0,0,v0
300,-1,2,0,1,1,0,v0
301,-1,2,0,1,1,0,v0
302,-1,2,0,1,1,0,v0
303,-1,2,0,1,1,0,v0
304,-1,2,0,1,1,0,v0
305,-1,2,0,1,1,0,v0
306,-1,2,0,1,1,0,v0
307,-1,2,0,1,1,0,v0
308,-1,2,0,1,1,0,v0
309,-1,2,0,1,1,0,v0
310,-1,2,0,1,1,0,v0
311,-1,2,0,1,1,0,v0
312,-1,2,0,1,1,0,v0
313,-1,2,0,1,1,0,v0
314,-1,2,0,1,1,0,v0
315,-1,2,0,1,1,0,v0
316,-1,2,0,1,1,0,v0
0,0,0,0,0,0,0,v1
1,0,1,0,0,0,0,v1
2,0,2,0,0,0,0,v1
3,0,2,0,0,0,0,v1
4,0,2,0,0,1,0,v1
5,0,2,0,1,1,0,v1
6,0,2,0,1,1,0,v1
7,0,2,0,1,1,0,v1
8,0,2,0,1,1,0,v1
9,0,2,0,1,1,0,v1
10,0,2,0,1,1,0,v1
11,0,2,0,1,1,0,v1
12,0,2,0,1,1,0,v1
13,0,2,0,1,1,0,v1
14,0,2,0,1,1,0,v1
15,0,2,0,1,1,0,v1
16,-1,2,0,1,1,0,v1
17,-1,2,0,1,1,0,v1
18,-1,2,0,1,1,0,v1
19,-1,2,0,1,1,0,v1
20,-1,2,0,1,1,0,v1
21,-1,2,0,1,1,0,v1
22,-1,2,0,1,1,0,v1
23,-1,2,-1,1,1,-1,v1
24,-1,2,-1,1,1,-1,v1
25,-1,2,-1,1,1,-1,v1
26,-1,2,-1,1,1,-1,v1
27,-1,2,-1,1,1,-1,v1
28,-1,2,-1,1,1,-1,v1
29,-1,2,-1,1,1,-1,v1
30,-1,2,-1,1,1,-1,v1
31,-1,2,-1,1,1,-1,v1
32,-1,2,-1,1,1,-1,v1
33,-1,2,-1,1,1,-1,v1
34,-2,2,-1,1,1,-1,v1
35,0,2,-1,1,1,-1,v1
36,0,2,-1,2,1,-1,v1
37,0,2,-1,2,0,-1,v1
38,0,2,-1,2,0,-1,v1
39,0,2,-1,2,0,-1,v1
40,0,2,-1,2,0,-1,v1
41,0,2,-1,2,-1,-1,v1
42,0,2,-1,2,-1,-1,v1
43,0,2,-1,1,-1,-1,v1
44,0,2,-1,1,-1,-1,v1
45,0,2,-1,1,-1,-1,v1
46,0,2,-1,1,-1,-1,v1
47,0,2,-1,0,-1,-1,v1
48,0,2,-1,0,-1,-1,v1
49,0,2,-1,0,-1,-1,v1
50,0,2,-1,0,-1,-1,v1
51,0,2,-1,0,-1,-1,v1
52,0,2,-1,1,-1,-1,v1
53,0,2,-1,1,-1,-1,v1
54,0,2,-1,1,-1,-1,v1
55,0,2,-1,1,-1,-1,v1
56,0,2,-1,1,-1,-1,v1
57,0,2,-1,1,-1,-1,v1
58,0,2,-1,1,-1,-1,v1
59,0,2,-1,1,-1,-1,v1
60,0,2,-1,1,-1,-1,v1
61,0,2,-1,1,-1,-1,v1
62,0,2,-1,1,-1,-1,v1
63,0,2,-1,1,0,-1,v1
64,0,1,-1,1,0,-1,v1
65,0,1,-1,1,0,-1,v1
66,0,1,-1,1,0,-1,v1
67,0,1,-1,1,1,-1,v1
68,0,1,-1,1,1,-1,v1
69,0,1,-1,1,1,-1,v1
70,0,1,-1,1,1,-1,v1
71,0,1,-1,1,1,-1,v1
72,0,1,-1,1,1,-1,v1
73,0,1,-1,1,1,-1,v1
74,0,1,-1,1,1,-1,v1
75,0,1,-1,1,1,-1,v1
76,0,1,-1,1,1,-1,v1
77,0,1,-1,1,1,-1,v1
78,0,1,-1,1,1,-1,v1
79,0,1,-1,1,1,-1,v1
80,0,1,-1,1,1,-1,v1
81,0,1,-1,1,1,-1,v1
82,0,1,-1,1,1,-1,v1
83,0,1,-1,1,1,-1,v1
84,0,1,-1,1,1,-1,v1
85,0,1,-1,1,1,-1,v1
86,0,1,-1,1,1,-1,v1
87,-1,1,-1,1,1,-1,v1
88,-1,1,-1,1,1,-1,v1
89,-1,1,-1,1,1,-1,v1
90,-1,1,-1,1,1,-1,v1
91,-1,1,-1,1,1,-1,v1
92,-1,1,-1,1,1,-1,v1
93,-1,1,-1,1,1,-1,v1
94,-1,1,-1,1,1,-1,v1
95,-1,1,-1,1,1,-1,v1
96,-1,1,-1,1,0,-1,v1
97,-1,1,-1,1,0,-1,v1
98,-1,1,-1,1,0,-1,v1
99,-1,1,-1,1,0,-1,v1
100,0,1,-1,1,0,-1,v1
101,0,1,-1,1,0,-1,v1
102,0,1,-1,1,0,-1,v1
103,0,1,-1,1,0,-1,v1
104,0,1,-1,1,0,-1,v1
105,0,1,-1,1,1,-1,v1
106,0,1,-1,1,1,-1,v1
107,0,1,-1,1,1,-1,v1
108,0,1,-1,1,1,-1,v1
109,0,1,-1,1,1,-1,v1
110,0,1,-1,1,1,-1,v1
111,0,1,-1,1,1,-1,v1
112,0,1,-1,1,1,-1,v1
113,0,1,-1,1,1,-1,v1
114,0,1,-1,1,1,-1,v1
115,0,1,-1,1,1,-1,v1
116,0,1,-1,1,1,-1,v1
117,0,1,-1,1,1,-1,v1
118,0,1,-1,1,1,-1,v1
119,0,1,-1,1,1,-1,v1
120,0,1,-1,1,1,-1,v1
121,0,1,-1,1,1,-1,v1
122,0,1,-1,1,1,-1,v1
123,0,1,-1,1,1,-1,v1
124,0,1,-1,0,1,-1,v1
125,0,1,-1,0,1,-1,v1
126,0,1,-1,0,1,-1,v1
127,0,1,-1,0,1,-1,v1
128,0,1,-1,0,1,-1,v1
129,0,1,-1,0,1,-1,v1
130,0,0,-1,0,1,-1,v1
131,0,0,-1,0,1,-1,v1
132,0,0,-1,0,1,-1,v1
133,0,0,-1,0,1,-1,v1
134,0,0,-1,0,1,-1,v1
135,0,0,-1,0,1,-1,v1
136,0,0,-1,0,1,-1,v1
137,0,0,-1,0,1,-1,v1
138,0,0,-1,0,1,-1,v1
139,0,0,-1,0,1,-1,v1
140,0,0,-1,0,1,-1,v1
141,0,0,-1,0,1,-1,v1
142,0,0,-1,0,1,-1,v1
143,0,0,-1,0,1,-1,v1
144,0,0,-1,0,1,-1,v1
145,0,0,-1,0,1,-1,v1
146,0,0,-1,0,1,-1,v1
147,0,0,-1,0,1,-1,v1
148,0,0,-1,0,1,-1,v1
149,0,0,-1,0,1,-1,v1
150,0,0,-1,0,1,-1,v1
151,0,0,-1,0,1,-1,v1
152,0,0,-1,0,1,-1,v1
153,0,0,-1,0,1,-1,v1
154,0,0,-1,0,1,-1,v1
155,0,0,-1,0,1,-1,v1
156,0,0,-1,0,1,-1,v1
157,0,0,-1,0,1,-1,v1
158,0,0,-1,0,1,-1,v1
159,0,1,-1,0,1,-1,v1
160,0,1,-1,0,1,-1,v1
161,0,1,-1,0,1,-1,v1
162,0,1,-1,0,1,-1,v1
163,0,1,-1,0,1,-1,v1
164,0,1,-1,0,1,-1,v1
165,0,1,-1,0,1,-1,v1
166,0,1,-1,0,1,-1,v1
167,0,1,-1,0,1,-1,v1
168,0,1,-1,0,1,-1,v1
169,0,1,-1,0,1,-1,v1
170,0,1,-1,0,1,-1,v1
171,0,1,-1,0,1,-1,v1
172,0,1,-1,0,1,-1,v1
173,0,1,-1,0,0,-1,v1
174,0,1,-1,0,0,-1,v1
175,0,1,-1,0,0,-1,v1
176,0,1,-1,0,0,-1,v1
177,0,1,-1,0,0,-1,v1
178,0,1,-1,0,0,-1,v1
179,0,1,-1,0,0,-1,v1
180,0,1,-1,0,0,-1,v1
181,0,1,-1,0,0,-1,v1
182,0,1,0,0,0,0,v1
183,0,1,0,0,0,0,v1
184,0,1,0,0,0,0,v1
185,0,1,0,0,0,0,v1
186,0,1,0,0,0,0,v1
187,0,1,0,0,0,0,v1
188,0,1,0,0,0,0,v1
189,0,1,0,0,0,0,v1
190,0,1,0,0,0,0,v1
191,0,1,0,0,0,0,v1
192,0,1,0,0,0,0,v1
193,0,1,0,0,0,0,v1
194,0,1,0,0,0,0,v1
195,0,1,0,0,0,0,v1
196,0,1,0,0,0,0,v1
197,0,1,0,0,0,0,v1
198,0,1,0,0,0,0,v1
199,-1,1,0,0,0,0,v1
200,-1,1,0,0,0,0,v1
201,-1,1,0,0,0,0,v1
202,-1,1,0,0,0,0,v1
203,-1,1,0,0,0,0,v1
204,-1,1,0,0,0,0,v1
205,-1,1,0,0,0,0,v1
206,-1,1,0,0,0,0,v1
207,-1,1,0,0,0,0,v1
208,-1,1,0,0,0,0,v1
209,-1,1,0,0,0,0,v1
210,-1,1,-1,0,0,-1,v1
211,-1,1,-1,0,0,-1,v1
212,-1,1,-1,0,0,-1,v1
213,-1,1,-1,0,0,-1,v1
214,-1,1,-1,0,0,-1,v1
215,-1,1,-1,0,0,-1,v1
216,-1,1,-1,0,0,-1,v1
217,-1,1,-1,0,0,-1,v1
218,-1,2,-1,0,0,-1,v1
219,-1,2,-1,0,0,-1,v1
220,-1,2,-1,0,0,-1,v1
221,-1,2,-1,0,0,-1,v1
222,-1,2,-1,0,0,-1,v1
223,-1,2,-1,0,0,-1,v1
224,-1,2,-1,0,0,-1,v1
225,-1,2,-1,0,0,-1,v1
226,-1,2,-1,0,0,-1,v1
227,-1,2,-1,0,0,-1,v1
228,-1,2,-1,0,0,-1,v1
229,-1,2,-1,0,0,-1,v1
230,-1,2,-1,0,0,-1,v1
231,-1,2,-1,0,0,-1,v1
232,-1,2,-1,0,0,-1,v1
233,-1,2,-1,0,0,-1,v1
234,-1,2,-1,0,0,-1,v1
235,-1,2,-1,0,0,-1,v1
236,-1,2,-1,0,0,-1,v1
237,-1,2,-1,0,0,-1,v1
238,-1,2,-1,0,0,-1,v1
239,-1,2,-1,0,0,-1,v1
240,-1,2,-1,0,0,-1,v1
241,-1,2,-1,0,0,-1,v1
242,-1,2,-1,0,0,-1,v1
243,-1,2,-1,0,0,-1,v1
244,-1,1,-1,0,0,-1,v1
245,-1,1,-1,0,0,-1,v1
246,-1,1,-1,0,0,-1,v1
247,-1,1,-1,0,0,-1,v1
248,-1,1,-1,0,0,-1,v1
249,-1,1,-1,0,0,-1,v1
250,-1,1,-1,0,0,-1,v1
251,-1,1,-1,0,0,-1,v1
252,-1,1,-1,0,0,-1,v1
253,-1,1,-1,0,0,-1,v1
254,-1,1,-1,0,0,-1,v1
255,-1,1,-1,0,0,-1,v1
256,-1,1,-1,0,0,-1,v1
257,-1,1,-1,0,0,-1,v1
258,-1,1,-1,0,0,-1,v1
259,-1,1,-1,0,0,-1,v1
260,-1,1,-1,0,0,-1,v1
261,-1,1,-1,0,0,-1,v1
262,-1,1,-1,0,0,-1,v1
263,-1,1,-1,0,0,-1,v1
264,-1,1,-1,0,0,-1,v1
265,-1,1,-1,0,0,-1,v1
266,-1,1,-1,0,0,-1,v1
267,-1,1,-1,0,0,-1,v1
268,-1,1,-1,0,0,-1,v1
269,-1,1,-1,0,-1,-1,v1
270,-1,1,-1,0,-1,-1,v1
271,-1,1,-1,0,-1,-1,v1
272,-1,1,-1,0,-1,-1,v1
273,-1,1,-1,0,-1,-1,v1
274,-1,1,-1,0,-1,-1,v1
275,-1,1,-1,0,-1,-1,v1
276,-1,1,-1,0,-1,-1,v1
277,-1,1,-1,0,-1,-1,v1
278,-1,1,-1,0,-1,-1,v1
279,-1,1,-1,0,-1,-1,v1
280,-1,1,-1,0,-1,-1,v1
281,-1,1,-1,0,-1,-1,v1
282,-1,2,-1,0,-1,-1,v1
283,-1,2,-1,0,0,-1,v1
284,-1,2,-1,0,0,-1,v1
285,-1,2,-1,0,0,-1,v1
286,-1,2,-1,0,0,-1,v1
287,-1,2,-1,0,0,-1,v1
288,-1,2,-1,0,0,-1,v1
289,-1,2,-1,0,-1,-1,v1
290,-1,2,-1,0,-1,-1,v1
291,-1,2,-1,0,-1,-1,v1
292,-1,2,-1,0,-1,-1,v1
293,-1,2,-1,0,-1,-1,v1
294,-1,2,-1,0,-1,-1,v1
295,-1,2,-1,0,-1,-1,v1
296,-1,2,-1,0,-1,-1,v1
297,-1,2,-1,0,-1,-1,v1
298,-1,2,-1,0,-1,-1,v1
299,-1,2,-1,0,-1,-1,v1
0,0,2,0,0,0,0,v2
1,0,2,0,0,0,0,v2
2,0,2,0,0,0,0,v2
3,0,2,0,0,0,0,v2
4,0,2,0,0,0,0,v2
5,0,2,0,0,0,0,v2
6,0,2,0,0,0,0,v2
7,0,2,-1,0,0,-1,v2
8,0,2,-1,0,0,-1,v2
9,0,2,-1,0,0,-1,v2
10,0,2,-1,0,0,-1,v2
11,0,2,-1,0,0,-1,v2
12,0,2,-1,0,0,-1,v2
13,0,2,-1,0,0,-1,v2
14,0,2,0,0,0,0,v2
15,0,2,0,0,0,0,v2
16,0,2,0,0,0,0,v2
17,0,2,0,0,0,0,v2
18,0,2,0,0,0,0,v2
19,0,2,0,0,0,0,v2
20,0,2,0,0,0,0,v2
21,0,2,0,0,0,0,v2
22,0,2,0,0,0,0,v2
23,0,2,0,0,0,0,v2
24,0,2,0,0,0,0,v2
25,0,2,0,0,0,0,v2
26,0,2,0,0,0,0,v2
27,0,2,0,0,0,0,v2
28,0,2,0,0,0,0,v2
29,0,2,0,0,0,0,v2
30,0,2,0,0,0,0,v2
31,0,2,0,0,1,0,v2
32,0,2,0,0,1,0,v2
33,0,2,0,0,1,0,v2
34,0,1,0,0,1,0,v2
35,0,1,0,0,1,0,v2
36,0,1,0,0,1,0,v2
37,0,1,0,0,1,0,v2
38,0,1,0,0,1,0,v2
39,0,0,0,1,0,0,v2
40,0,0,0,1,0,0,v2
41,0,0,0,1,0,0,v2
42,0,0,0,1,0,0,v2
43,0,0,0,1,0,0,v2
44,0,0,0,1,0,0,v2
45,0,0,0,1,0,0,v2
46,0,0,0,1,0,0,v2
47,0,0,0,1,-1,0,v2
48,0,0,0,1,-1,0,v2
49,0,0,0,1,-1,0,v2
50,0,0,0,1,-1,0,v2
51,0,0,0,1,-2,0,v2
52,0,0,0,1,-2,0,v2
53,0,0,0,1,-2,0,v2
54,0,0,0,1,-2,0,v2
55,0,0,0,1,-2,0,v2
56,0,0,0,1,-2,0,v2
57,0,0,0,1,-2,0,v2
58,0,0,0,1,-2,0,v2
59,0,0,0,1,-2,0,v2
60,0,0,0,1,-2,0,v2
61,0,0,0,1,-2,0,v2
62,-1,0,0,1,-2,0,v2
63,-1,0,0,1,-2,0,v2
64,-1,0,0,1,-2,0,v2
65,-1,0,0,1,-2,0,v2
66,-1,0,0,1,-2,0,v2
67,-1,1,0,1,-2,0,v2
68,-1,1,0,1,-2,0,v2
69,-1,1,0,1,-2,0,v2
70,-1,1,0,1,-2,0,v2
71,-1,1,0,1,-1,0,v2
72,-1,2,0,1,0,0,v2
73,-1,2,0,1,0,0,v2
74,-1,2,0,1,0,0,v2
75,-1,2,0,0,0,0,v2
76,-1,2,0,0,0,0,v2
77,-1,2,0,0,0,0,v2
78,-1,2,0,0,0,0,v2
79,-1,2,0,0,0,0,v2
80,-1,2,0,0,0,0,v2
81,-1,2,0,0,0,0,v2
82,-1,2,0,0,0,0,v2
83,-1,2,0,0,0,0,v2
84,-1,2,0,0,0,0,v2
85,-1,2,0,0,0,0,v2
86,-1,2,0,0,0,0,v2
87,-1,2,0,0,0,0,v2
88,-1,2,0,0,0,0,v2
89,-1,2,0,0,0,0,v2
90,-1,2,0,0,0,0,v2
91,-1,2,0,0,0,0,v2
92,-1,2,0,0,0,0,v2
93,-1,2,0,0,0,0,v2
94,-1,2,0,0,0,0,v2
95,-1,2,0,0,0,0,v2
96,-1,2,0,0,0,0,v2
97,-1,2,0,0,-1,0,v2
98,-1,2,0,0,-1,0,v2
99,-1,2,0,0,-1,0,v2
100,-1,2,0,0,-1,0,v2
101,-1,2,0,0,-1,0,v2
102,-1,2,0,0,-1,0,v2
103,-1,2,0,0,-1,0,v2
104,-1,2,0,0,-1,0,v2
105,-1,2,0,0,-1,0,v2
106,-1,2,0,0,-1,0,v2
107,-1,2,0,0,-1,0,v2
108,-1,2,0,0,-1,0,v2
109,-1,2,0,0,-1,0,v2
110,-1,2,0,0,-1,0,v2
111,-1,2,0,0,-1,0,v2
112,-1,2,0,0,-1,0,v2
113,-1,2,0,0,-1,0,v2
114,-1,2,0,0,-1,0,v2
115,-1,2,0,0,-1,0,v2
116,-1,2,0,0,-1,0,v2
117,-1,2,0,0,-1,0,v2
118,-1,2,0,0,-1,0,v2
119,-1,2,0,0,-1,0,v2
120,-1,2,0,0,-1,0,v2
121,-1,2,0,0,-1,0,v2
122,-1,2,0,0,-1,0,v2
123,-1,2,0,0,-1,0,v2
124,-1,2,0,0,-1,0,v2
125,-1,2,0,0,-1,0,v2
126,-1,2,0,0,-1,0,v2
127,-1,2,0,0,-1,0,v2
128,-1,2,0,0,-1,0,v2
129,-1,2,0,0,-1,0,v2
130,-1,2,0,0,-1,0,v2
131,-1,2,0,0,-1,0,v2
132,-1,2,0,0,-1,0,v2
133,-1,2,0,0,-2,0,v2
134,-1,2,0,0,-2,0,v2
135,-1,2,0,0,-2,0,v2
136,-1,2,0,0,-2,0,v2
137,-1,2,0,0,-2,0,v2
138,-1,2,0,0,-2,0,v2
139,-1,2,0,0,-2,0,v2
140,-1,2,0,0,-2,0,v2
141,-1,1,0,0,-2,0,v2
142,-1,1,0,0,-2,0,v2
143,-1,0,0,0,-2,0,v2
144,-1,0,-1,0,-2,-1,v2
145,-1,0,-1,0,-2,-1,v2
146,-1,0,-1,0,-1,-1,v2
147,-1,0,-1,0,0,-1,v2
148,-1,0,-1,0,0,-1,v2
149,-1,0,-1,0,0,-1,v2
150,-1,0,-1,0,0,-1,v2
151,-1,0,-1,0,0,-1,v2
152,-1,0,-1,0,0,-1,v2
153,-1,0,-1,0,0,-1,v2
154,-1,0,-1,0,0,-1,v2
155,-1,0,-1,0,0,-1,v2
156,-1,0,-1,0,0,-1,v2
157,-1,0,-1,0,0,-1,v2
158,-1,0,-1,0,0,-1,v2
159,-1,1,-1,0,0,-1,v2
160,-1,1,-1,0,0,-1,v2
161,-1,1,-1,0,0,-1,v2
162,-1,1,-1,0,0,-1,v2
163,-1,1,-1,0,0,-1,v2
164,-1,1,-1,0,0,-1,v2
165,-1,2,-1,0,0,-1,v2
166,-1,2,-1,0,0,-1,v2
167,-1,2,-1,0,0,-1,v2
168,-1,2,-1,0,0,-1,v2
169,-1,2,-1,0,-2,-1,v2
170,-1,2,-1,0,-1,-1,v2
171,-1,2,-1,0,0,-1,v2
172,-1,2,-1,0,0,-1,v2
173,-1,2,-1,0,0,-1,v2
174,-1,2,-1,0,0,-1,v2
175,-1,2,-1,0,-1,-1,v2
176,-1,2,-1,0,-1,-1,v2
177,-1,2,-1,0,-1,-1,v2
178,-1,2,-1,0,-1,-1,v2
179,-1,2,-1,0,-1,-1,v2
180,-1,2,-1,0,-1,-1,v2
181,-1,2,-1,0,-1,-1,v2
182,-1,2,-1,0,-1,-1,v2
183,-1,2,-1,0,-1,-1,v2
184,-1,2,-1,0,-1,-1,v2
185,-1,2,-1,0,-1,-1,v2
186,-1,1,-1,0,-2,-1,v2
187,-1,1,-1,0,-2,-1,v2
188,-1,1,-1,0,-2,-1,v2
189,-1,1,-1,0,-2,-1,v2
190,-1,1,-1,0,-2,-1,v2
191,0,1,-1,0,-2,-1,v2
192,0,1,-1,0,-2,-1,v2
193,0,1,-1,0,-2,-1,v2
194,0,1,-1,0,-1,-1,v2
195,0,1,-1,0,-1,-1,v2
196,0,1,-1,0,-1,-1,v2
197,0,1,-1,0,-1,-1,v2
198,0,1,-1,0,-2,-1,v2
199,0,1,-1,0,-2,-1,v2
200,0,1,-1,0,-2,-1,v2
201,0,1,-1,0,-2,-1,v2
202,0,1,-1,0,-2,-1,v2
203,0,1,-1,0,-2,-1,v2
204,0,1,-1,0,-2,-1,v2
205,0,1,-1,0,-2,-1,v2
206,0,1,-1,0,-2,-1,v2
207,0,1,-1,0,-2,-1,v2
208,0,1,-1,0,-2,-1,v2
209,0,1,-1,0,-2,-1,v2
210,0,1,-1,0,-2,-1,v2
211,0,1,-1,0,-2,-1,v2
212,0,1,-1,0,-2,-1,v2
213,0,1,-1,0,-1,-1,v2
214,0,1,-1,0,0,-1,v2
215,0,1,-1,0,0,-1,v2
216,0,1,-1,0,0,-1,v2
217,0,1,-1,0,0,-1,v2
218,0,1,-1,0,0,-1,v2
219,0,1,-1,0,-1,-1,v2
220,0,1,-1,0,-1,-1,v2
221,0,1,-1,0,-1,-1,v2
222,0,1,-1,0,-1,-1,v2
223,0,1,-1,0,-1,-1,v2
224,0,1,-1,0,-1,-1,v2
225,0,1,-1,0,-1,-1,v2
226,0,1,-1,0,-1,-1,v2
227,0,1,-1,0,-1,-1,v2
228,0,1,-1,0,-1,-1,v2
229,0,1,-1,0,0,-1,v2
230,0,1,-1,0,0,-1,v2
231,0,1,-1,0,0,-1,v2
232,0,1,-1,0,0,-1,v2
233,0,1,-1,0,0,-1,v2
234,0,1,-1,0,0,-1,v2
235,0,1,-1,0,0,-1,v2
236,0,1,-1,0,0,-1,v2
237,0,1,-1,0,0,-1,v2
238,0,1,-1,0,0,-1,v2
239,0,1,-1,0,0,-1,v2
240,0,1,-1,0,0,-1,v2
241,0,1,-1,0,0,-1,v2
242,0,1,-1,0,0,-1,v2
243,0,1,-1,0,0,-1,v2
244,0,1,-1,0,0,-1,v2
245,0,1,-1,0,0,-1,v2
246,0,1,-1,0,0,-1,v2
247,0,1,-1,0,0,-1,v2
248,-1,1,-1,0,0,-1,v2
249,-1,1,-1,0,0,-1,v2
250,-1,1,-1,0,0,-1,v2
251,-1,1,-1,0,0,-1,v2
252,-1,1,-1,0,0,-1,v2
253,-1,1,-1,0,0,-1,v2
254,-1,1,-1,0,0,-1,v2
255,-1,1,-1,0,0,-1,v2
256,-1,1,-1,0,1,-1,v2
257,-1,1,-1,0,1,-1,v2
258,-1,1,0,0,1,0,v2
259,-1,1,0,0,1,0,v2
260,-1,1,0,0,1,0,v2
261,-1,1,0,0,1,0,v2
262,-1,1,0,0,0,0,v2
263,-1,1,0,0,0,0,v2
264,-1,1,0,0,0,0,v2
265,-1,1,0,0,0,0,v2
266,-1,1,0,0,0,0,v2
267,-1,1,0,1,0,0,v2
268,-1,1,0,1,0,0,v2
269,-1,2,0,1,0,0,v2
270,-1,2,0,1,0,0,v2
271,-1,2,0,2,0,0,v2
272,0,2,0,2,0,0,v2
273,0,2,0,2,0,0,v2
274,0,2,0,2,0,0,v2
275,0,2,0,2,0,0,v2
276,0,2,0,2,1,0,v2
277,0,2,0,2,1,0,v2
278,1,2,0,2,1,0,v2
279,1,2,0,2,1,0,v2
280,1,2,0,2,1,0,v2
281,1,2,0,2,1,0,v2
282,1,2,0,2,1,0,v2
283,1,2,0,2,1,0,v2
284,1,2,0,2,1,0,v2
285,1,2,0,2,1,0,v2
286,1,2,0,2,1,0,v2
287,1,2,0,2,1,0,v2
288,1,2,0,2,1,0,v2
289,1,2,0,2,0,0,v2
290,1,2,0,2,0,0,v2
291,1,2,0,2,0,0,v2
292,1,1,0,2,0,0,v2
293,1,1,0,2,0,0,v2
294,0,1,0,2,0,0,v2
295,0,1,0,2,0,0,v2
296,0,1,0,2,0,0,v2
297,0,1,0,2,0,0,v2
298,0,1,0,2,0,0,v2
299,-1,1,0,2,0,0,v2
0,0,1,0,0,0,0,v3
1,0,1,0,0,0,0,v3
2,0,1,0,0,0,0,v3
3,0,1,0,1,0,0,v3
4,0,1,0,1,0,0,v3
5,0,1,0,1,0,0,v3
6,0,1,0,1,0,0,v3
7,0,1,0,1,0,0,v3
8,0,1,0,1,0,0,v3
9,0,1,0,1,0,0,v3
10,0,1,0,1,0,0,v3
11,0,1,0,1,0,0,v3
12,0,1,0,1,0,0,v3
13,0,1,0,1,0,0,v3
14,0,0,0,1,0,0,v3
15,0,0,0,1,0,0,v3
16,0,0,0,1,0,0,v3
17,0,0,0,1,0,0,v3
18,0,0,0,1,0,0,v3
19,0,0,0,1,0,0,v3
20,0,0,0,1,0,0,v3
21,0,1,0,1,0,0,v3
22,0,1,0,1,0,0,v3
23,0,1,0,1,0,0,v3
24,0,1,0,1,0,0,v3
25,0,1,0,1,0,0,v3
26,0,1,0,1,0,0,v3
27,0,1,0,1,0,0,v3
28,0,2,0,1,0,0,v3
29,0,2,0,1,0,0,v3
30,0,2,0,1,0,0,v3
31,0,2,0,1,0,0,v3
32,0,2,0,1,0,0,v3
33,0,2,0,1,0,0,v3
34,0,2,0,1,0,0,v3
35,0,2,0,1,0,0,v3
36,0,2,0,1,0,0,v3
37,0,2,0,1,0,0,v3
38,0,2,0,1,0,0,v3
39,0,2,0,1,-1,0,v3
40,0,2,0,1,-1,0,v3
41,0,2,0,1,-1,0,v3
42,0,2,0,1,-1,0,v3
43,0,2,0,1,-1,0,v3
44,0,2,0,1,-1,0,v3
45,0,2,0,1,-1,0,v3
46,0,2,0,1,-1,0,v3
47,0,2,0,1,-1,0,v3
48,0,2,0,1,-1,0,v3
49,0,2,0,1,-1,0,v3
50,0,2,0,1,-1,0,v3
51,0,2,0,1,-1,0,v3
52,0,2,0,1,-1,0,v3
53,0,2,0,1,-1,0,v3
54,0,2,0,1,-1,0,v3
55,0,2,0,1,-1,0,v3
56,-2,2,0,1,-2,0,v3
57,-2,2,0,1,0,0,v3
58,-2,2,0,1,0,0,v3
59,-2,2,0,1,0,0,v3
60,-2,2,0,1,0,0,v3
61,-2,2,0,1,0,0,v3
62,-2,1,0,1,0,0,v3
63,-2,1,0,1,0,0,v3
64,-2,1,0,1,1,0,v3
65,-2,1,0,1,1,0,v3
66,-2,1,0,1,1,0,v3
67,-2,1,0,1,1,0,v3
68,-2,1,0,1,1,0,v3
69,-2,1,0,1,1,0,v3
70,-2,1,0,1,1,0,v3
71,-2,1,0,1,1,0,v3
72,-2,1,0,1,1,0,v3
73,-2,1,0,1,1,0,v3
74,-2,1,0,1,1,0,v3
75,-2,1,0,1,1,0,v3
76,-2,1,0,1,1,0,v3
77,-2,1,0,1,1,0,v3
78,-2,1,0,1,1,0,v3
79,-2,1,0,1,1,0,v3
80,-2,1,1,1,1,1,v3
81,-2,1,1,1,1,1,v3
82,-2,1,1,1,1,1,v3
83,-2,1,1,1,1,1,v3
84,-2,1,1,1,1,1,v3
85,-2,1,1,1,1,1,v3
86,-2,1,1,1,1,1,v3
87,-2,1,1,1,1,1,v3
88,-2,1,1,1,1,1,v3
89,-2,1,1,1,1,1,v3
90,-2,1,1,1,1,1,v3
91,-2,1,1,1,1,1,v3
92,-2,1,1,1,1,1,v3
93,-2,1,1,1,1,1,v3
94,-2,1,1,1,1,1,v3
95,-2,1,1,1,1,1,v3
96,-2,1,1,1,1,1,v3
97,-2,1,1,1,1,1,v3
98,-2,1,1,1,1,1,v3
99,-2,1,1,1,1,1,v3
100,-2,1,1,1,1,1,v3
101,-2,1,1,1,1,1,v3
102,-2,1,1,1,1,1,v3
103,-2,1,1,1,1,1,v3
104,-2,1,1,1,1,1,v3
105,-1,1,1,1,1,1,v3
106,-1,1,1,1,1,1,v3
107,-1,1,1,1,1,1,v3
108,-1,1,1,1,1,1,v3
109,-1,1,1,1,1,1,v3
110,-1,1,1,1,1,1,v3
111,-1,1,1,1,1,1,v3
112,-1,1,1,1,1,1,v3
113,-1,1,1,1,1,1,v3
114,-1,1,1,1,1,1,v3
115,-1,1,1,1,1,1,v3
116,-1,1,1,1,1,1,v3
117,-1,1,0,1,1,0,v3
118,-1,1,0,1,1,0,v3
119,-1,1,0,1,1,0,v3
120,-1,1,0,1,1,0,v3
121,-1,1,0,1,1,0,v3
122,-1,1,0,1,1,0,v3
123,-1,1,0,1,0,0,v3
124,-1,1,0,1,0,0,v3
125,-1,1,0,1,0,0,v3
126,-1,1,0,1,0,0,v3
127,-1,1,0,1,0,0,v3
128,-1,1,0,1,0,0,v3
129,-1,1,0,1,0,0,v3
130,-1,0,0,1,1,0,v3
131,-1,0,0,1,1,0,v3
132,-1,0,0,1,1,0,v3
133,-1,0,0,1,1,0,v3
134,-1,0,0,1,1,0,v3
135,-1,0,0,1,1,0,v3
136,-1,0,0,1,1,0,v3
137,-1,0,0,1,1,0,v3
138,-1,0,0,1,1,0,v3
139,-1,0,0,1,1,0,v3
140,-1,0,0,1,1,0,v3
141,-1,0,0,1,1,0,v3
142,-1,0,0,1,1,0,v3
143,-1,0,0,1,1,0,v3
144,-1,0,0,1,0,0,v3
145,-1,0,0,1,0,0,v3
146,-1,0,0,1,0,0,v3
147,-1,0,0,1,0,0,v3
148,-1,0,0,1,0,0,v3
149,-1,0,0,1,0,0,v3
150,-1,0,0,1,0,0,v3
151,-1,0,0,1,0,0,v3
152,-1,0,0,1,0,0,v3
153,-1,0,0,1,0,0,v3
154,-1,0,0,1,0,0,v3
155,-1,0,0,1,0,0,v3
156,-1,0,0,1,-1,0,v3
157,-1,0,0,1,-1,0,v3
158,-1,0,0,1,-1,0,v3
159,-1,1,0,1,-1,0,v3
160,-1,1,0,1,-1,0,v3
161,-1,1,0,1,-1,0,v3
162,-1,1,0,1,-1,0,v3
163,0,1,0,1,0,0,v3
164,0,1,1,1,0,1,v3
165,0,1,1,1,0,1,v3
166,0,1,1,1,0,1,v3
167,-2,1,1,1,0,1,v3
168,-2,1,1,1,0,1,v3
169,-2,1,1,1,0,1,v3
170,-2,1,1,1,0,1,v3
171,-2,1,1,1,0,1,v3
172,-2,1,1,1,0,1,v3
173,-2,1,1,1,0,1,v3
174,-2,1,1,1,0,1,v3
175,-2,1,1,1,0,1,v3
176,-2,1,1,1,0,1,v3
177,-2,1,1,1,0,1,v3
178,-2,1,1,1,0,1,v3
179,-2,0,1,1,0,0,v3
180,-2,0,1,1,0,0,v3
181,-2,-2,1,1,0,-2,v3
182,-2,-1,1,1,0,-1,v3
183,-2,-1,1,1,0,-1,v3
184,-2,-1,1,1,0,-1,v3
185,-2,-1,1,0,0,-1,v3
186,-2,-1,1,0,0,-1,v3
187,-2,-1,1,0,0,-1,v3
188,-2,0,1,0,0,0,v3
189,-2,0,1,0,0,0,v3
190,-2,0,1,0,0,0,v3
191,-2,0,1,0,0,0,v3
192,-2,0,1,0,0,0,v3
193,-2,0,1,0,0,0,v3
194,-2,0,1,0,0,0,v3
195,-2,0,1,0,0,0,v3
196,-2,0,1,0,0,0,v3
197,-2,0,1,0,0,0,v3
198,-2,0,1,0,0,0,v3
199,-2,0,1,0,0,0,v3
200,-2,0,1,0,0,0,v3
201,-2,0,1,0,0,0,v3
202,-2,0,1,0,0,0,v3
203,-2,0,1,0,0,0,v3
204,-2,0,1,0,0,0,v3
205,-2,0,1,0,0,0,v3
206,-2,0,1,0,0,0,v3
207,-2,0,1,0,0,0,v3
208,-2,0,1,0,0,0,v3
209,-2,0,0,0,0,0,v3
210,-2,0,0,0,1,0,v3
211,-2,0,0,0,1,0,v3
212,-2,0,0,0,1,0,v3
213,-2,0,0,0,1,0,v3
214,-2,0,0,0,1,0,v3
215,-2,0,0,0,1,0,v3
216,-2,0,0,0,1,0,v3
217,-2,0,0,0,1,0,v3
218,-2,0,0,0,1,0,v3
219,-2,0,0,0,1,0,v3
220,-2,0,0,0,1,0,v3
221,-2,0,0,0,1,0,v3
222,-2,1,0,0,1,0,v3
223,-2,1,0,0,1,0,v3
224,-2,1,0,0,1,0,v3
225,-2,1,0,0,1,0,v3
226,-2,1,0,0,1,0,v3
227,-2,1,0,0,1,0,v3
228,-2,1,0,0,1,0,v3
229,-2,1,0,0,1,0,v3
230,-2,1,0,0,1,0,v3
231,-2,1,0,0,1,0,v3
232,-2,1,0,0,1,0,v3
233,-2,1,0,0,1,0,v3
234,-2,1,0,0,1,0,v3
235,-2,1,0,0,1,0,v3
236,-2,1,0,0,1,0,v3
237,-2,2,0,0,1,0,v3
238,-2,2,0,0,1,0,v3
239,-2,2,0,0,1,0,v3
240,-2,2,0,0,1,0,v3
241,-2,2,0,0,1,0,v3
242,-2,2,0,0,1,0,v3
243,-2,2,0,0,1,0,v3
244,-2,2,0,0,1,0,v3
245,-2,2,0,0,1,0,v3
246,-2,2,0,0,1,0,v3
247,-2,2,0,0,1,0,v3
248,-2,2,0,0,1,0,v3
249,-2,2,0,0,1,0,v3
250,-2,2,0,0,1,0,v3
251,-2,2,0,0,1,0,v3
252,-2,2,0,0,1,0,v3
253,-2,2,0,0,1,0,v3
254,-2,2,0,0,1,0,v3
255,-2,2,0,0,1,0,v3
256,-2,2,0,0,1,0,v3
257,-2,2,0,0,1,0,v3
258,-2,2,0,0,1,0,v3
259,-2,2,0,0,1,0,v3
260,-2,2,0,0,1,0,v3
261,-2,2,0,0,0,0,v3
262,-2,2,0,0,0,0,v3
263,-2,2,0,0,0,0,v3
264,-2,2,0,0,0,0,v3
265,-2,2,0,0,0,0,v3
266,-2,2,0,0,0,0,v3
267,-2,2,0,0,0,0,v3
268,-2,2,0,0,0,0,v3
269,-2,2,0,0,0,0,v3
270,-2,2,0,0,0,0,v3
271,-2,2,0,0,0,0,v3
272,-2,2,0,0,0,0,v3
273,-2,2,0,0,0,0,v3
274,-2,2,0,0,0,0,v3
275,-2,2,0,0,0,0,v3
276,-2,2,0,0,0,0,v3
277,-2,2,0,0,0,0,v3
278,-2,2,0,0,0,0,v3
279,-2,2,0,0,1,0,v3
280,-2,2,0,0,1,0,v3
281,-2,2,0,0,1,0,v3
282,-2,2,0,0,1,0,v3
283,-2,2,0,0,1,0,v3
284,-2,2,0,0,1,0,v3
285,-2,2,0,0,1,0,v3
286,-2,2,0,0,1,0,v3
287,-2,2,0,0,1,0,v3
288,-2,2,0,0,1,0,v3
289,-2,2,0,0,0,0,v3
290,-1,2,0,0,0,0,v3
291,-1,2,0,0,0,0,v3
292,-1,2,0,0,0,0,v3
293,-1,2,0,0,0,0,v3
294,-1,2,0,0,0,0,v3
295,-1,2,0,0,1,0,v3
296,-1,1,-2,0,1,-2,v3
297,-1,1,-1,0,1,-1,v3
298,-1,1,-1,0,1,-1,v3
299,-1,1,-1,0,1,-1,v3
0,0,2,0,0,1,0,v4
1,0,2,0,0,1,0,v4
2,0,2,0,0,1,0,v4
3,0,2,-2,0,1,-2,v4
4,0,2,-2,0,1,-2,v4
5,0,2,-2,0,1,-2,v4
6,0,2,-2,0,1,-2,v4
7,0,2,-2,0,1,-2,v4
8,0,2,-2,0,1,-2,v4
9,0,2,-2,0,1,-2,v4
10,0,2,-2,0,1,-2,v4
11,0,2,-2,0,1,-2,v4
12,0,2,-2,0,0,-2,v4
13,0,2,-2,0,0,-2,v4
14,0,2,-2,0,0,-2,v4
15,0,2,-2,0,0,-2,v4
16,0,2,-2,0,-2,-2,v4
17,0,2,-2,0,-1,-2,v4
18,0,2,-2,0,-1,-2,v4
19,0,2,-2,0,0,-2,v4
20,0,2,-2,0,0,-2,v4
21,0,2,-2,0,1,-2,v4
22,0,2,-2,0,1,-2,v4
23,0,2,-2,0,1,-2,v4
24,0,2,-2,0,1,-2,v4
25,0,2,-2,0,1,-2,v4
26,0,2,-2,0,1,-2,v4
27,0,2,-1,0,1,-1,v4
28,0,2,-1,0,1,-1,v4
29,0,2,-1,0,1,-1,v4
30,0,2,-1,0,1,-1,v4
31,0,2,-1,0,1,-1,v4
32,0,2,-1,0,1,-1,v4
33,0,2,-1,0,1,-1,v4
34,0,2,-1,0,1,-1,v4
35,0,2,-1,0,1,-1,v4
36,-2,2,-1,0,1,-1,v4
37,-2,2,-1,0,1,-1,v4
38,-2,2,-1,0,1,-1,v4
39,-2,2,-1,0,2,-1,v4
40,-2,2,-1,0,2,-1,v4
41,-2,2,-1,0,2,-1,v4
42,-2,2,-1,0,2,-1,v4
43,-2,2,-1,0,2,-1,v4
44,-2,2,-1,0,2,-1,v4
45,-2,2,-1,0,2,-1,v4
46,-2,2,-1,0,2,-1,v4
47,-2,2,-1,0,2,-1,v4
48,-2,2,-1,0,2,-1,v4
49,-2,2,-1,0,2,-1,v4
50,-2,2,-1,0,1,-1,v4
51,-2,2,-1,0,1,-1,v4
52,-2,2,-1,0,1,-1,v4
53,-2,2,-1,0,1,-1,v4
54,-2,2,-1,0,1,-1,v4
55,-2,2,-1,0,1,-1,v4
56,-2,2,-1,0,1,-1,v4
57,-2,2,-1,0,1,-1,v4
58,-2,2,-1,0,0,-1,v4
59,-2,2,-1,0,0,-1,v4
60,-2,2,-1,0,0,-1,v4
61,-2,2,-1,0,0,-1,v4
62,-2,2,-1,0,-2,-1,v4
63,-2,2,-1,0,-1,-1,v4
64,-2,2,-1,0,-1,-1,v4
65,-2,2,-1,0,-1,-1,v4
66,-2,2,-1,0,-1,-1,v4
67,-2,2,-1,0,-1,-1,v4
68,-2,2,-1,0,-1,-1,v4
69,-2,2,-1,0,-1,-1,v4
70,-2,2,-1,0,-1,-1,v4
71,-2,2,-1,0,-1,-1,v4
72,-2,2,-1,0,-1,-1,v4
73,-2,2,-1,0,-1,-1,v4
74,-2,2,-1,0,0,-1,v4
75,-2,2,-1,0,0,-1,v4
76,-2,2,-1,0,-1,-1,v4
77,-2,2,-1,0,-1,-1,v4
78,-2,2,-1,0,-1,-1,v4
79,-2,2,-1,0,-1,-1,v4
80,-2,2,-1,0,-1,-1,v4
81,-2,2,-1,0,-1,-1,v4
82,-2,2,-1,0,-1,-1,v4
83,-2,2,-1,0,-1,-1,v4
84,-2,2,-1,0,-1,-1,v4
85,-2,2,-1,0,-1,-1,v4
86,-2,2,-1,0,-1,-1,v4
87,-2,2,-1,0,-1,-1,v4
88,-2,2,-1,0,-1,-1,v4
89,-2,2,-1,0,-1,-1,v4
90,-2,2,-1,0,-1,-1,v4
91,-1,2,-1,0,-1,-1,v4
92,-1,1,-1,0,-1,-1,v4
93,-1,1,-1,0,-1,-1,v4
94,-1,1,-1,0,-1,-1,v4
95,-1,1,-1,0,-1,-1,v4
96,-1,1,-1,0,-1,-1,v4
97,-1,1,-1,0,-1,-1,v4
98,-1,1,-1,0,-2,-1,v4
99,-1,1,-1,0,-2,-1,v4
100,-1,1,-1,0,-1,-1,v4
101,-1,1,-1,1,0,-1,v4
102,-1,1,-1,2,0,-1,v4
103,-1,1,-1,2,0,-1,v4
104,-1,1,-1,2,0,-1,v4
105,-1,1,-1,1,0,-1,v4
106,-1,1,-1,1,0,-1,v4
107,-1,1,-1,1,0,-1,v4
108,-1,1,0,1,0,0,v4
109,-1,1,0,1,0,0,v4
110,-1,1,0,1,0,0,v4
111,-1,1,0,1,0,0,v4
112,-1,1,0,1,0,0,v4
113,-1,1,0,1,0,0,v4
114,-1,1,0,1,0,0,v4
115,-1,1,0,1,0,0,v4
116,-1,1,0,1,0,0,v4
117,-1,1,0,1,0,0,v4
118,-1,1,0,1,1,0,v4
119,-1,1,0,1,1,0,v4
120,-1,1,0,1,1,0,v4
121,-1,1,0,1,0,0,v4
122,-1,1,0,1,0,0,v4
123,-1,1,0,1,0,0,v4
124,-1,1,0,1,0,0,v4
125,-1,1,0,1,0,0,v4
126,-1,1,0,1,0,0,v4
127,-1,1,0,1,0,0,v4
128,-1,1,0,1,0,0,v4
129,-1,1,0,1,0,0,v4
130,-1,1,0,1,0,0,v4
131,-1,1,0,1,1,0,v4
132,-1,1,0,1,1,0,v4
133,-1,1,0,1,1,0,v4
134,-1,1,0,1,1,0,v4
135,-1,1,0,1,1,0,v4
136,-1,1,0,1,1,0,v4
137,-1,1,0,1,1,0,v4
138,-1,1,0,1,1,0,v4
139,-1,1,0,1,1,0,v4
140,-1,1,0,1,1,0,v4
141,-1,1,0,1,1,0,v4
142,-1,1,0,1,1,0,v4
143,-1,1,0,1,1,0,v4
144,-1,1,0,1,1,0,v4
145,-1,1,0,1,1,0,v4
146,-1,1,0,1,1,0,v4
147,-1,1,0,1,1,0,v4
148,-1,1,0,1,1,0,v4
149,-1,1,0,1,1,0,v4
150,-1,1,0,1,1,0,v4
151,-1,1,0,1,1,0,v4
152,-1,1,0,1,1,0,v4
153,-1,1,0,1,1,0,v4
154,-1,1,0,1,0,0,v4
155,-1,1,0,1,-1,0,v4
156,-1,1,0,1,-1,0,v4
157,-1,1,0,1,-1,0,v4
158,-1,1,0,1,-1,0,v4
159,-1,1,0,1,-1,0,v4
160,-1,1,0,1,-1,0,v4
161,-1,1,0,1,-1,0,v4
162,-1,1,0,1,0,0,v4
163,-1,1,0,1,0,0,v4
164,-1,1,0,1,0,0,v4
165,-1,2,0,1,0,0,v4
166,-1,2,0,1,0,0,v4
167,-1,2,0,1,0,0,v4
168,-1,2,0,1,0,0,v4
169,-1,2,0,1,0,0,v4
170,-1,2,0,1,0,0,v4
171,-1,2,0,1,0,0,v4
172,-1,2,0,1,0,0,v4
173,-1,2,0,1,0,0,v4
174,-1,2,0,1,0,0,v4
175,-1,2,0,0,0,0,v4
176,-1,2,0,0,-1,0,v4
177,-1,2,0,0,-1,0,v4
178,-1,2,0,0,0,0,v4
179,-1,2,0,0,0,0,v4
180,-1,2,0,0,0,0,v4
181,-1,2,0,0,0,0,v4
182,-1,2,0,0,0,0,v4
183,-1,2,0,0,0,0,v4
184,-1,2,0,0,0,0,v4
185,-1,2,0,0,0,0,v4
186,-1,2,0,0,0,0,v4
187,-1,2,0,0,0,0,v4
188,-1,2,0,0,0,0,v4
189,-1,2,0,0,0,0,v4
190,-1,2,0,0,0,0,v4
191,-1,2,0,0,0,0,v4
192,-1,2,0,0,0,0,v4
193,-1,2,0,0,0,0,v4
194,-1,2,0,0,0,0,v4
195,-1,2,0,0,0,0,v4
196,-1,2,0,0,0,0,v4
197,-1,2,0,0,0,0,v4
198,-1,2,0,0,0,0,v4
199,-1,2,0,0,0,0,v4
200,-1,2,0,0,1,0,v4
201,-1,2,0,0,1,0,v4
202,-1,2,0,0,1,0,v4
203,-1,2,0,0,1,0,v4
204,-1,2,0,0,1,0,v4
205,-1,2,0,0,1,0,v4
206,-1,2,0,0,1,0,v4
207,-1,2,0,0,1,0,v4
208,-1,2,0,0,1,0,v4
209,-1,2,0,0,1,0,v4
210,-1,2,0,0,1,0,v4
211,-1,2,0,0,1,0,v4
212,-1,2,0,0,1,0,v4
213,-1,2,0,0,1,0,v4
214,-1,2,0,0,1,0,v4
215,-1,2,0,0,1,0,v4
216,-1,2,0,0,1,0,v4
217,-1,2,0,0,1,0,v4
218,-1,2,0,0,1,0,v4
219,-1,2,0,0,1,0,v4
220,-1,2,0,0,1,0,v4
221,-1,2,0,0,1,0,v4
222,-1,2,0,0,1,0,v4
223,-1,2,0,0,1,0,v4
224,-1,2,0,0,1,0,v4
225,-1,2,0,0,1,0,v4
226,-1,2,0,0,1,0,v4
227,-1,2,0,0,1,0,v4
228,-1,2,0,0,1,0,v4
229,-1,2,0,0,1,0,v4
230,-1,2,0,0,1,0,v4
231,-1,2,0,0,2,0,v4
232,-1,2,0,0,2,0,v4
233,-1,2,0,0,2,0,v4
234,-1,2,0,0,2,0,v4
235,-1,1,0,0,2,0,v4
236,-1,1,0,0,2,0,v4
237,-1,1,0,0,2,0,v4
238,-1,1,0,0,1,0,v4
239,-1,1,0,0,1,0,v4
240,-1,1,0,0,0,0,v4
241,-1,1,0,0,0,0,v4
242,-1,1,0,0,0,0,v4
243,-1,1,0,0,0,0,v4
244,-1,1,0,0,0,0,v4
245,-1,1,0,0,0,0,v4
246,-1,1,0,0,0,0,v4
247,-1,1,0,0,0,0,v4
248,-1,1,0,0,0,0,v4
249,-1,1,0,0,0,0,v4
250,-1,1,0,0,1,0,v4
251,-1,1,0,0,1,0,v4
252,0,1,0,0,1,0,v4
253,-2,1,0,0,1,0,v4
254,-2,1,0,0,1,0,v4
255,-2,1,0,0,1,0,v4
256,-2,1,0,0,1,0,v4
257,-2,1,0,0,1,0,v4
258,-2,1,0,0,1,0,v4
259,-2,1,0,0,1,0,v4
260,-2,1,0,0,1,0,v4
261,-2,1,0,0,1,0,v4
262,-2,1,0,0,1,0,v4
263,-2,1,0,0,1,0,v4
264,-2,1,0,0,1,0,v4
265,-2,1,0,0,1,0,v4
266,-2,1,0,0,1,0,v4
267,-2,1,0,0,1,0,v4
268,-2,1,0,0,1,0,v4
269,-2,1,0,0,1,0,v4
270,-2,1,0,0,1,0,v4
271,-2,1,0,0,1,0,v4
272,-2,1,0,0,2,0,v4
273,-2,1,0,0,2,0,v4
274,-2,1,0,0,2,0,v4
275,-2,2,0,0,2,0,v4
276,-2,2,0,0,2,0,v4
277,-2,2,0,0,2,0,v4
278,-2,2,0,0,1,0,v4
279,-2,2,0,0,1,0,v4
280,-2,2,0,0,1,0,v4
281,-2,2,0,0,1,0,v4
282,-2,2,0,0,1,0,v4
283,-2,2,0,0,1,0,v4
284,-2,2,0,0,1,0,v4
285,-2,2,0,0,1,0,v4
286,-2,2,0,0,1,0,v4
287,-2,2,0,0,1,0,v4
288,-2,2,0,0,0,0,v4
289,-2,2,0,0,-1,0,v4
290,-2,2,0,0,-1,0,v4
291,-2,2,0,0,-1,0,v4
292,-2,2,0,0,-2,0,v4
293,-2,2,0,0,-2,0,v4
294,-2,2,0,0,-2,0,v4
295,-2,2,0,0,-2,0,v4
296,-2,2,0,0,-2,0,v4
297,-2,2,0,0,-2,0,v4
298,-2,2,0,0,-2,0,v4
299,-2,1,0,0,-2,0,v4
0,0,1,0,0,0,0,v5
1,0,1,0,1,-1,0,v5
2,0,1,0,1,-1,0,v5
3,0,1,0,1,-1,0,v5
4,0,1,0,1,-1,0,v5
5,0,1,0,1,-1,0,v5
6,0,1,0,1,-1,0,v5
7,0,1,0,1,-1,0,v5
8,0,1,0,1,-1,0,v5
9,0,1,0,1,-1,0,v5
10,0,1,0,1,0,0,v5
11,0,1,0,1,0,0,v5
12,0,1,0,1,0,0,v5
13,0,1,0,1,0,0,v5
14,0,1,0,1,0,0,v5
15,0,1,0,1,0,0,v5
16,0,1,0,1,0,0,v5
17,0,1,0,1,0,0,v5
18,0,1,0,1,-1,0,v5
19,0,1,0,1,-1,0,v5
20,0,1,0,1,-1,0,v5
21,0,1,0,1,-1,0,v5
22,0,1,0,1,-1,0,v5
23,0,1,0,1,-1,0,v5
24,0,1,0,1,-1,0,v5
25,0,1,0,1,-1,0,v5
26,0,1,0,1,-2,0,v5
27,0,1,0,1,-2,0,v5
28,0,1,0,1,-1,0,v5
29,-1,1,0,1,-1,0,v5
30,-1,1,0,1,0,0,v5
31,-1,1,0,1,0,0,v5
32,-1,1,0,1,0,0,v5
33,-1,1,0,1,0,0,v5
34,-1,1,0,1,0,0,v5
35,-1,1,0,1,0,0,v5
36,-1,1,0,1,0,0,v5
37,-1,1,0,1,0,0,v5
38,-1,1,0,1,0,0,v5
39,-1,1,0,1,0,0,v5
40,-1,1,0,1,-1,0,v5
41,-1,1,0,1,-1,0,v5
42,-1,1,0,1,-1,0,v5
43,-1,1,0,1,-1,0,v5
44,-1,1,0,1,-1,0,v5
45,-1,1,0,1,0,0,v5
46,-1,1,0,1,0,0,v5
47,-1,1,0,1,0,0,v5
48,-1,1,0,1,0,0,v5
49,-1,1,0,1,0,0,v5
50,-1,1,0,1,1,0,v5
51,-1,1,0,1,1,0,v5
52,-1,1,0,1,1,0,v5
53,-1,1,0,1,1,0,v5
54,-1,1,0,1,1,0,v5
55,-1,1,0,1,1,0,v5
56,-1,1,0,1,1,0,v5
57,-1,1,0,1,1,0,v5
58,-1,1,0,1,1,0,v5
59,-1,1,0,1,1,0,v5
60,-1,1,0,1,1,0,v5
61,-1,1,0,1,1,0,v5
62,-1,1,0,0,1,0,v5
63,-1,1,0,0,1,0,v5
64,-1,1,0,0,1,0,v5
65,-1,1,0,0,1,0,v5
66,-1,1,0,0,1,0,v5
67,-1,1,0,0,1,0,v5
68,-1,1,0,0,1,0,v5
69,-1,1,0,0,1,0,v5
70,-1,1,0,0,1,0,v5
71,-1,1,0,0,1,0,v5
72,-1,1,0,0,1,0,v5
73,-1,1,0,0,1,0,v5
74,-1,1,0,0,1,0,v5
75,-1,1,0,0,1,0,v5
76,-1,1,0,0,1,0,v5
77,-1,1,0,0,1,0,v5
78,-1,1,0,0,1,0,v5
79,-1,1,0,0,1,0,v5
80,-1,1,0,0,1,0,v5
81,-1,1,0,0,1,0,v5
82,-1,1,0,0,1,0,v5
83,-1,1,0,0,1,0,v5
84,-1,1,0,0,1,0,v5
85,-1,1,0,0,1,0,v5
86,-1,1,0,0,1,0,v5
87,-1,1,0,0,1,0,v5
88,-1,1,0,0,1,0,v5
89,-1,1,0,0,1,0,v5
90,-1,1,0,0,1,0,v5
91,-1,1,0,0,1,0,v5
92,-1,1,0,0,1,0,v5
93,-1,1,0,0,1,0,v5
94,-1,1,0,0,1,0,v5
95,-1,1,0,0,1,0,v5
96,-1,1,0,0,1,0,v5
97,-1,1,0,0,1,0,v5
98,-1,1,0,0,1,0,v5
99,-1,1,0,0,1,0,v5
100,-1,1,0,0,1,0,v5
101,-1,1,0,0,1,0,v5
102,-1,1,0,0,1,0,v5
103,-1,1,0,0,1,0,v5
104,-1,1,0,0,1,0,v5
105,-1,1,0,0,1,0,v5
106,-1,1,0,0,1,0,v5
107,-1,1,0,0,1,0,v5
108,-1,1,0,0,0,0,v5
109,-1,1,0,0,0,0,v5
110,-1,1,0,0,0,0,v5
111,-1,1,0,0,0,0,v5
112,-1,1,0,0,0,0,v5
113,-1,1,0,0,0,0,v5
114,-1,1,0,0,0,0,v5
115,-1,1,0,0,0,0,v5
116,-1,1,0,0,0,0,v5
117,-1,1,0,0,0,0,v5
118,-1,1,0,0,0,0,v5
119,-1,1,0,0,0,0,v5
120,-1,1,0,0,0,0,v5
121,-1,1,0,0,0,0,v5
122,-1,1,0,0,0,0,v5
123,-1,1,0,0,0,0,v5
124,-1,1,0,0,0,0,v5
125,-1,1,0,0,0,0,v5
126,-1,1,0,0,0,0,v5
127,-1,1,0,0,0,0,v5
128,-1,1,0,0,0,0,v5
129,-1,1,0,0,0,0,v5
130,-1,1,0,0,-1,0,v5
131,-1,1,0,0,-1,0,v5
132,-1,1,0,0,-1,0,v5
133,-1,1,0,0,-1,0,v5
134,-1,1,0,0,-1,0,v5
135,-1,1,0,0,-1,0,v5
136,-1,1,0,0,-1,0,v5
137,-1,1,0,0,-1,0,v5
138,-1,1,0,0,-1,0,v5
139,-1,1,0,0,-1,0,v5
140,-1,1,0,0,-1,0,v5
141,-1,1,0,0,-1,0,v5
142,-1,1,0,0,-1,0,v5
143,-1,1,0,0,-1,0,v5
144,-1,1,0,0,-1,0,v5
145,-1,1,0,0,-1,0,v5
146,-1,1,0,0,-1,0,v5
147,-1,1,1,0,-1,0,v5
148,-1,1,1,0,-2,0,v5
149,-1,1,1,0,-2,0,v5
150,-1,1,1,0,-2,0,v5
151,-1,1,1,0,0,0,v5
152,-1,1,1,0,0,0,v5
153,-1,1,1,0,0,0,v5
154,-1,1,1,0,0,0,v5
155,-1,1,1,0,0,0,v5
156,-1,1,1,0,0,0,v5
157,-1,1,1,0,0,0,v5
158,-1,1,1,0,0,0,v5
159,-1,1,1,0,0,0,v5
160,-1,1,1,0,0,0,v5
161,-1,1,1,0,0,0,v5
162,-1,1,1,0,0,0,v5
163,-1,1,1,0,0,0,v5
164,-1,1,1,0,0,0,v5
165,-1,1,1,0,0,0,v5
166,-1,1,1,0,0,0,v5
167,-1,1,1,0,0,0,v5
168,-1,1,1,0,0,0,v5
169,-1,1,1,0,0,0,v5
170,-1,1,1,0,0,0,v5
171,-1,1,1,0,0,0,v5
172,-1,1,1,0,0,0,v5
173,-1,1,1,0,0,0,v5
174,-1,1,1,0,0,0,v5
175,-1,1,1,0,0,0,v5
176,-1,1,1,0,0,0,v5
177,-1,1,1,0,0,0,v5
178,-1,1,1,0,0,0,v5
179,-1,1,1,0,0,0,v5
180,-1,1,1,0,0,0,v5
181,-1,1,1,0,0,0,v5
182,-1,1,1,0,0,0,v5
183,-1,1,1,0,0,0,v5
184,-1,1,1,0,0,0,v5
185,-1,1,1,0,0,0,v5
186,-1,1,1,0,0,0,v5
187,-1,1,1,0,0,0,v5
188,-1,1,1,0,0,0,v5
189,-1,1,1,0,0,0,v5
190,-1,1,1,0,0,0,v5
191,-1,1,1,0,0,0,v5
192,-1,1,1,0,0,0,v5
193,-1,1,1,0,0,0,v5
194,-1,1,1,0,0,0,v5
195,-1,1,1,0,0,0,v5
196,-1,1,1,0,0,0,v5
197,-1,1,1,0,0,0,v5
198,-1,1,0,0,0,0,v5
199,-1,1,0,0,-2,0,v5
200,-1,1,0,0,-2,0,v5
201,-1,1,0,0,-2,0,v5
202,-1,1,0,0,-2,0,v5
203,-1,1,0,0,-1,0,v5
204,-1,1,0,0,-1,0,v5
205,-1,1,0,0,-1,0,v5
206,-1,1,0,0,-1,0,v5
207,-1,1,0,0,-1,0,v5
208,-1,1,0,0,-1,0,v5
209,-1,2,0,0,-1,0,v5
210,-1,2,0,0,-1,0,v5
211,-1,2,0,0,-1,0,v5
212,-1,2,0,0,-1,0,v5
213,-1,2,0,0,-1,0,v5
214,-1,2,0,0,-1,0,v5
215,-1,2,0,0,-1,0,v5
216,-1,2,0,0,-1,0,v5
217,-1,2,0,0,-1,0,v5
218,-1,2,0,0,-1,0,v5
219,-1,2,0,0,-2,0,v5
220,-1,2,0,0,-2,0,v5
221,-1,2,0,0,-2,0,v5
222,-1,2,0,0,-1,0,v5
223,-1,2,0,0,-1,0,v5
224,-1,2,0,0,-1,0,v5
225,-1,2,0,0,-1,0,v5
226,-1,2,0,0,-1,0,v5
227,-1,2,0,0,-1,0,v5
228,-1,2,0,0,-1,0,v5
229,-1,2,0,0,-1,0,v5
230,-1,2,0,0,-1,0,v5
231,-1,2,0,0,-1,0,v5
232,-1,2,0,0,0,0,v5
233,-1,2,0,0,0,0,v5
234,-1,2,0,0,0,0,v5
235,-1,2,0,0,0,0,v5
236,-1,2,0,0,0,0,v5
237,-1,2,0,0,0,0,v5
238,-1,2,0,0,0,0,v5
239,-1,2,0,0,0,0,v5
240,-1,2,0,0,0,0,v5
241,-1,2,0,0,0,0,v5
242,-1,2,0,0,0,0,v5
243,0,2,0,1,0,0,v5
244,0,2,0,1,0,0,v5
245,0,2,0,2,0,0,v5
246,0,1,0,2,0,0,v5
247,0,1,0,2,0,0,v5
248,0,1,0,2,0,0,v5
249,0,1,0,2,0,0,v5
250,0,1,0,2,0,0,v5
251,0,1,0,2,0,0,v5
252,0,1,0,2,0,0,v5
253,0,1,0,2,0,0,v5
254,0,1,0,2,0,0,v5
255,0,1,0,2,0,0,v5
256,0,1,0,2,0,0,v5
257,0,1,0,2,0,0,v5
258,0,1,0,2,0,0,v5
259,0,1,0,2,0,0,v5
260,0,1,0,2,0,0,v5
261,0,1,0,2,0,0,v5
262,0,1,0,2,0,0,v5
263,0,1,0,2,0,0,v5
264,0,1,0,1,0,0,v5
265,0,1,0,1,0,0,v5
266,-1,1,0,1,0,0,v5
267,-1,1,0,1,0,0,v5
268,-1,1,0,1,0,0,v5
269,-1,1,0,1,0,0,v5
270,-1,1,0,1,0,0,v5
271,-1,1,0,1,0,0,v5
272,-1,1,0,1,0,0,v5
273,-1,1,0,1,0,0,v5
274,-1,1,0,1,0,0,v5
275,-1,1,0,1,0,0,v5
276,-1,1,0,1,0,0,v5
277,-1,1,0,1,0,0,v5
278,-1,1,0,1,0,0,v5
279,-1,1,0,1,0,0,v5
280,0,1,0,1,0,0,v5
281,0,1,0,1,0,0,v5
282,0,1,0,1,0,0,v5
283,0,1,0,1,0,0,v5
284,0,1,0,1,-1,0,v5
285,0,1,0,1,-1,0,v5
286,0,1,0,1,-1,0,v5
287,0,1,0,1,-1,0,v5
288,0,1,0,1,0,0,v5
289,0,1,0,1,-1,0,v5
290,0,1,0,1,0,0,v5
291,0,1,0,1,0,0,v5
292,0,1,0,1,0,0,v5
293,0,1,0,1,0,0,v5
294,0,1,0,1,-1,0,v5
295,0,1,0,1,-1,0,v5
296,0,1,0,1,-1,0,v5
297,0,1,0,1,-1,0,v5
298,0,1,0,1,-1,0,v5
299,0,1,0,1,-2,0,v5
300,0,1,0,1,-2,0,v5
301,0,1,0,1,-2,0,v5
302,0,1,0,1,-2,0,v5
303,0,1,0,1,-1,0,v5
304,0,1,0,1,0,0,v5
305,0,1,0,1,-1,0,v5
306,0,1,0,1,-1,0,v5
307,0,1,0,1,0,0,v5
308,0,1,0,1,0,0,v5
309,0,1,0,1,0,0,v5
310,0,1,0,1,0,0,v5
311,0,1,0,1,0,0,v5
312,0,1,0,1,0,0,v5
313,0,1,0,1,0,0,v5
314,0,1,0,1,0,0,v5
315,0,1,0,1,0,0,v5
316,0,1,0,1,0,0,v5
317,0,1,0,1,0,0,v5
318,0,1,0,1,0,0,v5
319,-1,1,0,1,0,0,v5
320,-1,1,0,1,0,0,v5
321,-1,1,0,1,0,0,v5
322,-1,1,0,1,0,0,v5
323,-1,1,0,0,0,0,v5
324,-1,1,0,0,0,0,v5
325,-1,1,0,0,1,0,v5
326,-1,1,0,0,0,0,v5
327,-1,1,0,0,0,0,v5
328,-1,1,0,0,0,0,v5
329,-1,1,0,0,0,0,v5
330,-1,1,0,0,0,0,v5
331,-1,1,0,0,0,0,v5
332,-1,1,0,0,0,0,v5
333,-1,1,0,0,0,0,v5
334,-1,1,0,0,1,0,v5
335,-1,1,0,0,0,0,v5
336,-1,1,0,0,0,0,v5
337,-1,1,0,0,0,0,v5
338,-1,1,0,0,0,0,v5
339,-1,1,0,0,0,0,v5
340,-1,1,0,0,0,0,v5
341,-1,1,0,0,0,0,v5
342,-1,1,0,0,0,0,v5
343,-1,1,0,0,-1,0,v5
344,-1,1,0,0,-1,0,v5
345,-1,1,0,0,-1,0,v5
346,-1,1,0,0,-1,0,v5
347,-1,1,0,0,-1,0,v5
348,-1,1,0,0,-1,0,v5
349,-1,1,0,0,-1,0,v5
350,-1,1,0,0,-1,0,v5
351,-1,1,0,0,-2,0,v5
352,-1,1,0,0,-2,0,v5
353,-1,1,0,0,-2,0,v5
354,-1,1,0,0,-1,0,v5
355,-1,1,0,0,-1,0,v5
356,-1,1,0,0,-1,0,v5
357,-1,1,0,0,-1,0,v5
358,-1,1,0,0,-1,0,v5
359,-1,1,0,0,-1,0,v5
360,-1,1,0,0,0,0,v5
361,-1,1,0,0,0,0,v5
362,-1,1,0,0,0,0,v5
363,-1,1,0,0,0,0,v5
364,-1,1,1,0,0,0,v5
365,-1,1,1,0,0,0,v5
366,-1,1,1,0,0,0,v5
367,-1,1,1,0,0,0,v5
368,-1,1,1,0,0,0,v5
369,-1,1,1,0,0,0,v5
370,-1,1,1,0,0,0,v5
371,-1,1,1,0,1,0,v5
372,-1,1,1,0,1,0,v5
373,-1,1,1,0,1,0,v5
374,-1,1,1,0,1,0,v5
375,-1,1,1,0,1,0,v5
376,-1,1,1,0,1,0,v5
377,-1,1,1,0,1,0,v5
378,-1,1,1,0,1,0,v5
379,-1,1,1,0,1,0,v5
380,-1,1,1,0,1,0,v5
381,-1,1,1,0,1,0,v5
382,-1,1,1,0,1,0,v5
383,-1,1,1,0,1,0,v5
384,-1,1,1,0,1,0,v5
385,-1,1,1,0,1,0,v5
386,-1,1,1,0,1,0,v5
387,-1,1,1,0,1,0,v5
388,-1,1,1,0,0,0,v5
389,-1,1,1,0,0,0,v5
390,-1,1,1,0,0,0,v5
391,-1,1,1,0,1,0,v5
392,-1,1,1,0,1,0,v5
393,-1,1,1,0,1,0,v5
394,-1,1,1,0,1,0,v5
395,-1,1,1,0,1,0,v5
396,-1,1,1,0,1,0,v5
397,-1,1,1,0,1,0,v5
398,-1,1,1,0,1,0,v5
399,-1,0,1,0,1,0,v5
400,-1,0,1,0,1,0,v5
401,-1,0,1,0,1,0,v5
402,-1,0,1,0,1,0,v5
403,-1,0,1,0,1,0,v5
404,-1,0,1,0,1,0,v5
405,-1,0,1,0,1,0,v5
406,-1,1,1,0,1,0,v5
407,-1,1,1,0,1,0,v5
408,-1,1,1,0,1,0,v5
409,-1,1,1,0,1,0,v5
410,-1,1,1,0,1,0,v5
411,-1,1,1,0,1,0,v5
412,-1,1,1,0,0,0,v5
413,-1,1,1,0,1,0,v5
414,-1,1,1,0,1,0,v5
415,-1,1,1,0,1,0,v5
416,-1,1,1,0,1,0,v5
417,-1,1,1,0,1,0,v5
418,-1,1,1,0,0,0,v5
419,-1,1,1,0,-1,0,v5
420,-1,1,1,0,-1,0,v5
421,-1,1,1,0,-1,0,v5
422,-1,1,1,0,-1,0,v5
423,-1,1,1,0,-1,0,v5
424,-1,1,1,0,-2,0,v5
425,-1,1,1,0,0,0,v5
426,-1,1,1,0,-2,0,v5
427,-1,1,1,0,-2,0,v5
428,-1,1,1,0,0,0,v5
429,-1,1,1,0,0,0,v5
430,-1,1,1,0,0,0,v5
431,-1,1,1,0,0,0,v5
432,-1,1,1,0,0,0,v5
433,-1,1,1,0,0,0,v5
0,0,-1,0,0,0,-1,v6
1,0,-1,0,0,0,-1,v6
2,0,-1,0,0,0,-1,v6
3,0,-1,0,0,0,-1,v6
4,0,-1,0,0,0,-1,v6
5,0,-1,0,-1,0,-1,v6
6,0,-1,0,0,0,-1,v6
7,0,-1,0,0,0,-1,v6
8,0,-1,0,0,0,-1,v6
9,0,-1,0,0,0,-1,v6
10,0,-1,0,0,0,-1,v6
11,0,-1,0,0,0,-1,v6
12,0,-1,0,0,0,-1,v6
13,0,-1,0,0,0,-1,v6
14,0,-1,0,0,0,-1,v6
15,0,-1,0,0,0,-1,v6
16,0,-1,0,0,0,-1,v6
17,0,-1,0,0,0,-1,v6
18,0,0,0,0,0,0,v6
19,0,0,0,0,0,0,v6
20,0,0,0,0,0,0,v6
21,0,0,0,0,0,0,v6
22,0,0,0,0,0,0,v6
23,-1,0,0,0,0,0,v6
24,-1,0,0,0,0,0,v6
25,-1,0,0,0,1,0,v6
26,-1,0,0,0,1,0,v6
27,-1,0,0,0,1,0,v6
28,-1,0,0,0,1,0,v6
29,-1,0,0,0,1,0,v6
30,-1,0,0,0,1,0,v6
31,-1,0,0,0,1,0,v6
32,-1,0,0,0,1,0,v6
33,-1,0,0,0,1,0,v6
34,-1,0,0,0,1,0,v6
35,-1,0,0,0,1,0,v6
36,-1,1,0,0,1,0,v6
37,-1,1,0,0,0,0,v6
38,-1,1,0,0,0,0,v6
39,-1,1,0,0,0,0,v6
40,-1,1,0,0,0,0,v6
41,-1,1,0,0,0,0,v6
42,-1,1,0,0,0,0,v6
43,-1,1,0,0,0,0,v6
44,-1,1,0,0,0,0,v6
45,-1,1,0,0,0,0,v6
46,-1,1,0,0,0,0,v6
47,-1,0,0,0,0,0,v6
48,-1,0,0,0,-1,0,v6
49,-1,0,0,0,-1,0,v6
50,-1,0,0,0,-1,0,v6
51,-1,0,0,0,-1,0,v6
52,-1,0,0,0,-1,0,v6
53,-1,0,0,0,-1,0,v6
54,-1,0,0,0,0,0,v6
55,-1,0,0,0,0,0,v6
56,-1,0,0,0,0,0,v6
57,-1,0,0,0,0,0,v6
58,-1,0,0,0,0,0,v6
59,-1,0,0,0,1,0,v6
60,-1,0,0,1,0,0,v6
61,-1,0,0,1,0,0,v6
62,-1,0,0,1,-1,0,v6
63,-1,0,0,1,-1,0,v6
64,-1,0,0,1,-1,0,v6
65,-1,0,0,1,-1,0,v6
66,-1,0,0,1,-1,0,v6
67,-1,0,0,1,-1,0,v6
68,-1,0,0,1,-1,0,v6
69,-1,0,0,1,-1,0,v6
70,-1,0,0,1,-1,0,v6
71,-1,1,0,1,-1,0,v6
72,-1,1,0,1,-1,0,v6
73,-1,1,0,1,-1,0,v6
74,-1,1,0,1,-1,0,v6
75,-1,1,0,1,-1,0,v6
76,-1,1,0,1,-1,0,v6
77,-1,1,0,1,-1,0,v6
78,-1,1,0,1,-1,0,v6
79,-1,1,0,1,-1,0,v6
80,-1,1,0,1,-1,0,v6
81,-1,1,0,1,-1,0,v6
82,-1,1,0,1,-1,0,v6
83,-1,1,0,1,-1,0,v6
84,-1,1,0,1,-1,0,v6
85,-1,1,0,1,-1,0,v6
86,-1,1,0,1,-1,0,v6
87,-1,1,0,1,-1,0,v6
88,-1,1,0,1,-1,0,v6
89,-1,1,0,1,-1,0,v6
90,-1,1,0,1,-1,0,v6
91,-1,1,0,1,-1,0,v6
92,-1,1,1,1,-1,1,v6
93,-1,1,1,1,-1,1,v6
94,-1,1,1,1,-1,1,v6
95,-1,2,1,1,0,1,v6
96,-1,2,1,1,0,1,v6
97,-1,2,1,1,0,1,v6
98,-1,2,1,1,0,1,v6
99,-1,2,1,1,0,1,v6
100,-1,2,1,1,0,1,v6
101,-1,2,1,1,0,1,v6
102,-1,2,1,1,0,1,v6
103,-1,2,1,1,0,1,v6
104,-1,2,1,1,0,1,v6
105,-1,2,1,1,0,1,v6
106,-1,2,1,1,0,1,v6
107,-1,2,1,1,0,1,v6
108,-1,2,1,1,1,1,v6
109,-1,2,1,1,1,1,v6
110,-1,2,1,1,1,1,v6
111,-1,2,1,1,1,1,v6
112,-1,2,1,1,1,1,v6
113,-1,2,1,1,1,1,v6
114,-1,2,1,1,1,1,v6
115,-1,2,1,1,1,1,v6
116,-1,2,1,1,1,1,v6
117,-1,2,1,1,1,1,v6
118,-1,2,1,1,1,1,v6
119,-1,2,1,1,1,1,v6
120,-1,2,1,1,1,1,v6
121,-1,2,1,1,1,1,v6
122,-1,2,1,1,1,1,v6
123,-1,2,1,1,1,1,v6
124,-1,2,1,1,1,1,v6
125,-1,2,1,1,1,1,v6
126,-1,2,1,1,1,1,v6
127,-1,2,1,1,1,1,v6
128,-1,2,1,1,1,1,v6
129,-1,2,1,1,1,1,v6
130,-1,2,1,1,1,1,v6
131,-1,2,1,1,1,1,v6
132,-1,2,1,1,1,1,v6
133,-1,2,1,1,1,1,v6
134,-1,2,1,1,1,1,v6
135,-1,2,1,1,1,1,v6
136,-1,2,1,1,1,1,v6
137,-1,2,1,1,1,1,v6
138,-1,2,1,1,1,1,v6
139,-1,2,1,1,1,1,v6
140,-1,2,1,1,1,1,v6
141,-1,2,1,1,1,1,v6
142,-1,2,1,1,1,1,v6
143,-1,2,1,1,1,1,v6
144,-1,2,1,1,1,1,v6
145,-1,2,1,1,1,1,v6
146,-1,2,1,1,1,1,v6
147,-1,2,1,1,1,1,v6
148,-1,2,1,1,1,1,v6
149,-1,2,1,1,1,1,v6
150,-1,2,1,1,1,1,v6
151,-1,2,1,1,1,1,v6
152,-1,2,1,1,1,1,v6
153,-1,2,1,1,1,1,v6
154,-1,2,1,1,1,1,v6
155,-1,2,1,1,1,1,v6
156,-1,2,1,1,1,1,v6
157,-1,2,1,1,0,1,v6
158,-1,2,1,1,0,1,v6
159,-1,2,1,1,-1,1,v6
160,-1,2,1,1,-2,1,v6
161,-1,2,1,1,-2,1,v6
162,-1,2,1,1,-2,1,v6
163,-1,2,1,1,-2,1,v6
164,-1,2,1,1,-2,1,v6
165,-1,2,1,1,-1,1,v6
166,-1,2,1,1,-1,1,v6
167,-1,2,1,1,0,1,v6
168,-1,2,1,1,0,1,v6
169,-1,2,1,1,0,1,v6
170,-1,2,1,1,0,1,v6
171,-1,2,1,1,0,1,v6
172,-1,2,0,1,0,0,v6
173,-1,2,0,1,0,0,v6
174,-1,2,0,1,0,0,v6
175,-1,2,0,1,0,0,v6
176,-1,2,0,1,0,0,v6
177,-1,2,0,1,0,0,v6
178,-1,2,0,0,0,0,v6
179,-1,2,0,0,0,0,v6
180,-1,2,0,0,0,0,v6
181,-1,2,0,0,-1,0,v6
182,-1,2,0,0,-1,0,v6
183,-1,2,0,0,-1,0,v6
184,-1,2,0,0,-1,0,v6
185,-1,2,0,0,-1,0,v6
186,-1,2,0,0,-1,0,v6
187,-1,2,0,0,0,0,v6
188,-1,2,0,0,0,0,v6
189,-1,2,0,0,0,0,v6
190,-1,2,0,0,0,0,v6
191,-1,2,0,0,0,0,v6
192,-1,2,0,0,0,0,v6
193,-1,2,0,0,0,0,v6
194,-1,2,0,0,0,0,v6
195,-1,2,0,0,0,0,v6
196,-1,2,0,0,0,0,v6
197,-1,2,0,0,0,0,v6
198,-1,2,0,0,0,0,v6
199,-1,2,0,0,0,0,v6
200,-1,2,0,0,0,0,v6
201,-1,2,0,0,0,0,v6
202,-1,2,0,0,0,0,v6
203,-1,2,0,0,1,0,v6
204,-1,2,0,0,1,0,v6
205,-1,2,0,0,1,0,v6
206,-1,2,0,0,1,0,v6
207,-1,2,0,0,1,0,v6
208,-1,2,0,0,1,0,v6
209,-1,2,0,0,1,0,v6
210,-1,2,0,0,1,0,v6
211,-1,1,0,0,1,0,v6
212,-1,1,0,0,1,0,v6
213,-1,1,0,0,1,0,v6
214,-1,1,0,0,1,0,v6
215,-1,0,0,0,1,0,v6
216,-1,0,0,0,1,0,v6
217,-1,0,0,0,1,0,v6
218,-1,0,0,0,1,0,v6
219,-1,0,0,0,1,0,v6
220,-1,0,0,0,1,0,v6
221,-1,1,0,0,1,0,v6
222,-1,1,0,0,1,0,v6
223,-1,1,0,0,1,0,v6
224,-1,1,0,0,1,0,v6
225,-1,1,0,0,1,0,v6
226,-1,1,0,0,1,0,v6
227,-1,1,0,0,1,0,v6
228,-1,1,0,0,1,0,v6
229,-1,1,0,0,1,0,v6
230,-1,1,0,0,1,0,v6
231,-1,1,0,0,1,0,v6
232,-1,1,0,0,1,0,v6
233,-1,1,0,0,1,0,v6
234,-1,1,0,0,1,0,v6
235,-1,1,0,0,1,0,v6
236,-1,1,0,0,1,0,v6
237,-1,1,0,0,1,0,v6
238,-1,1,0,0,1,0,v6
239,-1,1,0,0,1,0,v6
240,-1,1,0,0,1,0,v6
241,-1,1,0,0,1,0,v6
242,-1,1,0,0,1,0,v6
243,-1,1,0,0,1,0,v6
244,-1,1,0,0,1,0,v6
245,-1,1,0,0,1,0,v6
246,-1,1,0,0,1,0,v6
247,-1,1,0,0,1,0,v6
248,-1,1,0,0,1,0,v6
249,-1,1,0,0,1,0,v6
250,-1,1,0,0,1,0,v6
251,-1,1,0,0,1,0,v6
252,-1,1,0,0,1,0,v6
253,-1,1,0,0,1,0,v6
254,-1,1,0,0,1,0,v6
255,-1,1,0,0,1,0,v6
256,-1,1,0,0,0,0,v6
257,-1,1,0,0,0,0,v6
258,-1,1,0,0,0,0,v6
259,-1,1,0,0,0,0,v6
260,-1,1,0,0,0,0,v6
261,-1,1,0,0,-1,0,v6
262,-1,1,0,0,-1,0,v6
263,-1,1,0,0,-1,0,v6
264,-1,1,0,0,-1,0,v6
265,-1,1,0,0,-1,0,v6
266,-1,1,0,1,-1,0,v6
267,-1,1,0,1,-1,0,v6
268,-1,1,0,1,-1,0,v6
269,-1,1,0,1,-1,0,v6
270,-1,1,0,1,-1,0,v6
271,-1,2,0,1,-1,0,v6
272,-1,2,0,2,-1,0,v6
273,0,2,0,2,0,0,v6
274,0,2,0,2,0,0,v6
275,0,2,0,2,0,0,v6
276,0,2,0,2,0,0,v6
277,0,2,0,2,0,0,v6
278,0,2,0,2,0,0,v6
279,0,2,0,2,0,0,v6
280,0,2,0,2,0,0,v6
281,0,2,0,2,0,0,v6
282,0,2,0,2,0,0,v6
283,0,2,0,2,0,0,v6
284,0,2,0,2,0,0,v6
285,0,2,0,2,0,0,v6
286,0,2,0,2,0,0,v6
287,0,2,0,2,0,0,v6
288,0,2,0,2,0,0,v6
289,0,2,0,2,0,0,v6
290,0,2,0,2,0,0,v6
291,0,2,0,2,0,0,v6
292,0,2,0,2,0,0,v6
293,0,2,0,2,0,0,v6
294,0,2,0,2,0,0,v6
295,0,2,0,2,0,0,v6
296,0,2,0,2,0,0,v6
297,0,2,0,2,0,0,v6
298,0,2,0,2,0,0,v6
299,0,2,1,2,0,1,v6
0,0,2,0,0,0,0,v7
1,0,2,0,2,0,0,v7
2,0,2,0,2,0,0,v7
3,0,2,0,2,0,0,v7
4,0,2,0,2,0,0,v7
5,0,2,0,2,0,0,v7
6,0,2,0,2,0,0,v7
7,0,2,0,2,0,0,v7
8,0,2,0,2,0,0,v7
9,0,2,0,2,0,0,v7
10,0,2,0,2,0,0,v7
11,0,2,0,2,0,0,v7
12,0,2,1,2,0,1,v7
13,0,2,1,2,0,1,v7
14,0,2,1,2,0,1,v7
15,0,2,1,1,0,1,v7
16,0,2,1,0,0,0,v7
17,0,2,1,0,0,0,v7
18,0,2,1,0,0,0,v7
19,0,2,1,0,0,0,v7
20,0,2,1,0,0,0,v7
21,0,2,1,0,0,0,v7
22,0,2,1,0,0,0,v7
23,0,2,1,0,0,0,v7
24,0,2,1,0,0,0,v7
25,1,2,1,0,0,0,v7
26,1,2,1,0,0,0,v7
27,1,2,1,0,0,0,v7
28,1,2,1,0,0,0,v7
29,1,2,1,0,0,0,v7
30,1,2,1,0,0,0,v7
31,1,2,1,0,0,0,v7
32,1,2,1,0,0,0,v7
33,1,2,1,0,0,0,v7
34,1,2,1,0,0,0,v7
35,1,2,1,1,0,1,v7
36,1,2,1,2,0,1,v7
37,1,2,1,2,0,1,v7
38,1,2,1,2,0,1,v7
39,1,2,1,2,0,1,v7
40,1,2,1,2,0,1,v7
41,0,2,1,2,0,1,v7
42,0,2,1,2,0,1,v7
43,0,2,1,2,1,1,v7
44,0,2,1,2,1,1,v7
45,0,2,1,2,1,1,v7
46,0,2,1,2,1,1,v7
47,0,2,1,2,1,1,v7
48,0,2,2,2,1,2,v7
49,0,2,2,2,1,2,v7
50,0,2,2,2,1,2,v7
51,0,2,2,2,1,2,v7
52,0,2,2,2,1,2,v7
53,0,2,2,2,1,2,v7
54,0,2,2,2,1,2,v7
55,-2,2,2,2,1,2,v7
56,-2,2,2,2,1,2,v7
57,-2,2,2,2,1,2,v7
58,-2,2,2,2,1,2,v7
59,-2,2,2,2,0,2,v7
60,-2,2,2,2,0,2,v7
61,-2,2,2,2,0,2,v7
62,-2,2,2,2,0,2,v7
63,-2,2,2,2,0,2,v7
64,-1,2,2,2,0,2,v7
65,-1,1,2,2,0,1,v7
66,-1,1,2,2,0,1,v7
67,-2,1,2,2,1,1,v7
68,-2,1,2,2,1,1,v7
69,-2,0,2,2,1,0,v7
70,-2,0,2,2,2,0,v7
71,-2,0,2,2,2,0,v7
72,-2,0,2,2,2,0,v7
73,-2,0,2,2,2,0,v7
74,-2,0,2,2,2,0,v7
75,-2,0,2,2,2,0,v7
76,-2,0,2,2,2,0,v7
77,-2,0,2,2,2,0,v7
78,-2,0,2,2,2,0,v7
79,-2,0,2,2,2,0,v7
80,-2,0,2,2,2,0,v7
81,-2,0,2,2,2,0,v7
82,-1,1,2,2,2,1,v7
83,-2,0,2,2,2,0,v7
84,-2,0,2,2,2,0,v7
85,-2,0,2,2,2,0,v7
86,-2,0,2,2,2,0,v7
87,-2,-1,2,1,2,-1,v7
88,-2,-1,2,1,2,-1,v7
89,-2,-1,2,1,2,-1,v7
90,-2,-1,2,2,2,-1,v7
91,-2,-1,2,2,2,-1,v7
92,-2,-1,2,2,2,-1,v7
93,-2,-1,2,2,2,-1,v7
94,-2,-1,2,2,2,-1,v7
95,-2,-1,2,2,2,-1,v7
96,-2,-1,2,2,2,-1,v7
97,-2,-1,2,2,2,-1,v7
98,-2,-1,2,2,2,-1,v7
99,-2,-1,2,1,2,-1,v7
100,-2,-1,2,1,2,-1,v7
101,-2,-1,2,2,1,-1,v7
102,-2,-1,2,2,1,-1,v7
103,-2,-1,2,2,1,-1,v7
104,-2,-1,2,2,1,-1,v7
105,-2,-1,2,2,1,-1,v7
106,-2,-1,2,2,1,-1,v7
107,-2,-1,2,2,1,-1,v7
108,-2,-1,2,2,1,-1,v7
109,-2,-2,2,2,1,-2,v7
110,-2,-2,2,2,1,-2,v7
111,-2,-2,2,2,1,-2,v7
112,-2,-1,2,2,1,-1,v7
113,-2,-2,2,2,1,-2,v7
114,-2,-2,2,2,1,-2,v7
115,-2,-2,2,2,1,-2,v7
116,-2,-2,2,0,1,-2,v7
117,-2,-2,2,-1,1,-2,v7
118,-2,-2,2,-1,1,-2,v7
119,-2,-2,2,0,1,-2,v7
120,-2,-2,2,0,1,-2,v7
121,-2,-2,2,1,1,-2,v7
122,-2,-2,2,1,1,-2,v7
123,-2,-2,2,2,1,-2,v7
124,-2,-2,2,2,1,-2,v7
125,-2,-2,2,2,1,-2,v7
126,-2,-2,2,2,1,-2,v7
127,-2,-2,2,2,1,-2,v7
128,-2,-2,2,2,1,-2,v7
129,-2,-2,2,2,1,-2,v7
130,-2,-2,2,2,2,-2,v7
131,-2,-2,2,2,2,-2,v7
132,-2,-2,2,2,2,-2,v7
133,-2,-2,2,2,2,-2,v7
134,-2,-2,2,2,2,-2,v7
135,-2,-2,2,2,2,-2,v7
136,-2,-2,2,2,2,-2,v7
137,-2,-2,2,2,2,-2,v7
138,-2,-2,2,2,2,-2,v7
139,-2,-2,2,2,2,-2,v7
140,-2,-2,2,2,2,-2,v7
141,-2,-2,2,2,2,-2,v7
142,-2,-2,2,2,2,-2,v7
143,-2,-2,2,2,2,-2,v7
144,-2,-2,2,2,2,-2,v7
145,-2,-2,2,2,2,-2,v7
146,-1,-2,2,2,2,-2,v7
147,-1,-2,2,2,2,-2,v7
148,-1,-2,2,2,2,-2,v7
149,-1,-2,2,2,2,-2,v7
150,-1,-2,2,2,2,-2,v7
151,-1,-2,2,2,2,-2,v7
152,-1,-2,2,2,2,-2,v7
153,-1,-2,2,2,2,-2,v7
154,-1,-2,2,2,2,-2,v7
155,-1,-2,2,2,2,-2,v7
156,-1,-2,2,2,2,-2,v7
157,-1,-2,2,2,2,-2,v7
158,-1,-2,2,2,2,-2,v7
159,-1,-2,2,2,1,-2,v7
160,-1,-2,2,2,1,-2,v7
161,-1,-2,2,2,0,-2,v7
162,-1,-2,2,2,0,-2,v7
163,-1,-2,2,2,0,-2,v7
164,-1,-2,2,2,0,-2,v7
165,-1,-2,2,2,0,-2,v7
166,-1,-2,2,2,0,-2,v7
167,-1,-2,2,2,0,-2,v7
168,-1,-2,2,2,0,-2,v7
169,-1,-2,2,2,0,-2,v7
170,-1,-2,2,2,0,-2,v7
171,-1,-2,2,2,0,-2,v7
172,-1,-2,2,2,0,-2,v7
173,-1,-2,2,2,0,-2,v7
174,-1,-2,2,2,0,-2,v7
175,-1,-2,2,2,0,-2,v7
176,-1,-2,2,2,0,-2,v7
177,-1,-2,2,2,0,-2,v7
178,-1,-2,2,2,0,-2,v7
179,0,-2,2,2,0,-2,v7
180,0,-2,2,2,0,-2,v7
181,0,-2,2,2,0,-2,v7
182,0,-2,2,2,0,-2,v7
183,0,-2,2,2,0,-2,v7
184,0,-2,2,2,0,-2,v7
185,0,-2,2,2,0,-2,v7
186,0,-2,2,2,0,-2,v7
187,0,-2,2,2,0,-2,v7
188,0,-2,2,2,0,-2,v7
189,0,-2,2,2,0,-2,v7
190,0,-2,2,2,0,-2,v7
191,0,-2,2,2,0,-2,v7
192,0,-2,2,2,0,-2,v7
193,0,-2,2,2,1,-2,v7
194,0,-2,2,2,1,-2,v7
195,0,-2,2,2,1,-2,v7
196,0,-2,2,2,1,-2,v7
197,0,-2,2,2,1,-2,v7
198,0,-2,2,2,1,-2,v7
199,0,-2,2,2,1,-2,v7
200,0,-2,2,2,1,-2,v7
201,0,-2,2,2,1,-2,v7
202,0,-2,2,2,1,-2,v7
203,0,-2,2,2,1,-2,v7
204,0,-2,2,2,1,-2,v7
205,0,-2,2,2,1,-2,v7
206,0,-2,2,2,1,-2,v7
207,0,-2,2,2,2,-2,v7
208,0,-2,2,2,2,-2,v7
209,0,-2,2,2,2,-2,v7
210,0,-2,2,2,2,-2,v7
211,0,-2,2,2,2,-2,v7
212,0,-2,2,2,2,-2,v7
213,0,-2,2,2,2,-2,v7
214,0,-2,2,2,2,-2,v7
215,0,-2,2,2,2,-2,v7
216,0,-2,2,2,2,-2,v7
217,0,-2,2,2,2,-2,v7
218,0,-2,2,2,2,-2,v7
219,0,-2,2,2,2,-2,v7
220,0,-2,2,2,2,-2,v7
221,0,-2,2,2,2,-2,v7
222,0,-2,2,2,2,-2,v7
223,0,-2,2,2,2,-2,v7
224,0,-2,2,2,2,-2,v7
225,0,-2,2,2,2,-2,v7
226,0,-2,2,2,2,-2,v7
227,0,-2,2,2,2,-2,v7
228,0,-2,2,2,2,-2,v7
229,-1,-2,2,2,2,-2,v7
230,-1,-2,2,2,2,-2,v7
231,-1,-2,2,2,2,-2,v7
232,-1,-2,2,2,2,-2,v7
233,-1,-2,2,2,2,-2,v7
234,-1,-2,2,2,2,-2,v7
235,-1,-2,2,2,2,-2,v7
236,-1,-2,2,2,2,-2,v7
237,-1,-2,2,2,2,-2,v7
238,-1,-2,2,2,2,-2,v7
239,-1,-2,2,2,2,-2,v7
240,-1,-2,2,2,2,-2,v7
241,-1,-2,2,2,2,-2,v7
242,-1,-2,2,2,2,-2,v7
243,-1,-2,2,2,2,-2,v7
244,-1,-2,2,2,2,-2,v7
245,-1,-2,2,2,2,-2,v7
246,-1,-2,2,2,2,-2,v7
247,-1,-2,2,2,2,-2,v7
248,-1,-2,2,2,2,-2,v7
249,0,-2,2,2,2,-2,v7
250,0,-2,2,2,2,-2,v7
251,0,-2,2,2,2,-2,v7
252,0,-2,2,2,2,-2,v7
253,0,-2,2,2,2,-2,v7
254,0,-2,2,2,2,-2,v7
255,0,-2,2,2,2,-2,v7
256,0,-2,2,2,2,-2,v7
257,0,-1,2,2,2,-1,v7
258,0,-1,2,2,2,-1,v7
259,0,-1,2,2,2,-1,v7
260,0,-1,2,2,2,-1,v7
261,0,-1,2,2,2,-1,v7
262,0,-1,2,2,2,-1,v7
263,0,-1,2,2,2,-1,v7
264,0,-1,2,2,2,-1,v7
265,0,-1,2,2,2,-1,v7
266,0,-1,2,2,2,-1,v7
267,0,-1,2,2,2,-1,v7
268,0,-1,2,2,2,-1,v7
269,0,-1,2,2,2,-1,v7
270,0,-1,2,2,2,-1,v7
271,0,-1,2,2,2,-1,v7
272,0,-1,2,2,2,-1,v7
273,0,-1,2,2,2,-1,v7
274,0,-1,2,2,2,-1,v7
275,0,-1,2,2,2,-1,v7
276,0,-1,2,2,2,-1,v7
277,0,-2,2,2,2,-2,v7
278,0,-2,2,2,1,-2,v7
279,0,-2,2,2,1,-2,v7
280,0,-2,2,2,1,-2,v7
281,0,-2,2,2,1,-2,v7
282,0,-2,2,2,2,-2,v7
283,0,-2,2,2,2,-2,v7
284,0,-2,2,2,2,-2,v7
285,0,-2,2,2,2,-2,v7
286,0,-2,2,2,2,-2,v7
287,0,-2,2,2,2,-2,v7
288,0,-2,2,2,2,-2,v7
289,0,-2,2,2,2,-2,v7
290,0,-2,2,2,2,-2,v7
291,0,-2,2,2,2,-2,v7
292,0,-2,2,2,2,-2,v7
293,0,-2,2,2,2,-2,v7
294,0,-2,2,2,2,-2,v7
295,0,-2,2,2,2,-2,v7
296,0,-2,2,2,2,-2,v7
297,0,-2,2,2,2,-2,v7
298,0,-2,2,2,2,-2,v7
299,0,-2,2,2,2,-2,v7
0,0,-1,0,2,0,-1,v8
1,0,-1,0,2,0,-1,v8
2,0,-1,2,2,0,-1,v8
3,0,-1,2,2,0,-1,v8
4,0,-1,2,2,0,-1,v8
5,0,-1,2,2,1,-1,v8
6,0,-1,2,2,1,-1,v8
7,0,-1,2,2,1,-1,v8
8,0,-1,2,2,1,-1,v8
9,0,-1,2,2,1,-1,v8
10,0,-1,2,2,1,-1,v8
11,0,-1,2,2,1,-1,v8
12,0,-1,2,2,1,-1,v8
13,0,-1,2,2,1,-1,v8
14,0,-1,2,2,1,-1,v8
15,0,-1,2,2,1,-1,v8
16,0,-1,2,2,1,-1,v8
17,0,-1,2,2,1,-1,v8
18,0,-1,2,2,1,-1,v8
19,0,-1,2,2,1,-1,v8
20,0,-1,2,2,1,-1,v8
21,0,-1,2,2,1,-1,v8
22,0,-1,2,2,1,-1,v8
23,0,-1,2,2,1,-1,v8
24,0,-1,2,2,1,-1,v8
25,0,-1,2,2,1,-1,v8
26,0,-1,2,2,1,-1,v8
27,0,-1,2,2,1,-1,v8
28,0,-1,2,2,1,-1,v8
29,0,-1,2,2,1,-1,v8
30,0,-1,2,2,1,-1,v8
31,0,-1,2,2,1,-1,v8
32,0,-1,2,2,1,-1,v8
33,0,-1,2,2,1,-1,v8
34,0,-1,2,2,1,-1,v8
35,0,-1,2,2,1,-1,v8
36,0,-1,2,2,1,-1,v8
37,0,-1,2,2,1,-1,v8
38,0,-1,2,2,1,-1,v8
39,0,-1,2,2,1,-1,v8
40,0,-1,2,2,1,-1,v8
41,0,-1,2,2,1,-1,v8
42,0,-1,2,2,1,-1,v8
43,0,-1,2,2,1,-1,v8
44,1,-1,2,2,1,-1,v8
45,1,-1,2,2,1,-1,v8
46,1,-1,2,2,1,-1,v8
47,1,-1,2,2,1,-1,v8
48,1,-1,2,2,1,-1,v8
49,1,-1,2,2,1,-1,v8
50,1,-1,2,2,1,-1,v8
51,1,-1,2,2,1,-1,v8
52,1,-1,2,2,1,-1,v8
53,1,-1,2,2,1,-1,v8
54,1,-1,2,2,2,-1,v8
55,1,-1,2,2,2,-1,v8
56,1,-1,2,2,2,-1,v8
57,1,-1,2,2,2,-1,v8
58,1,-1,2,2,2,-1,v8
59,1,-1,2,2,2,-1,v8
60,1,-1,2,2,2,-1,v8
61,1,-1,2,2,2,-1,v8
62,1,-1,2,2,2,-1,v8
63,0,-1,2,2,2,-1,v8
64,0,-1,2,2,2,-1,v8
65,-1,-1,2,2,2,-1,v8
66,-1,-1,2,2,2,-1,v8
67,-1,-1,2,2,2,-1,v8
68,-1,-1,2,2,2,-1,v8
69,-1,-1,2,2,2,-1,v8
70,-1,-1,2,2,2,-1,v8
71,-1,-1,2,2,2,-1,v8
72,-1,-1,2,2,2,-1,v8
73,-1,-1,2,2,1,-1,v8
74,-1,-1,2,2,1,-1,v8
75,-1,-1,2,2,1,-1,v8
76,-1,-1,2,2,1,-1,v8
77,-1,-1,2,2,2,-1,v8
78,-1,0,2,2,2,0,v8
79,-1,0,2,2,2,0,v8
80,-1,0,2,2,2,0,v8
81,-1,0,2,2,2,0,v8
82,-1,0,2,2,2,0,v8
83,-1,0,2,2,2,0,v8
84,-1,0,2,2,2,0,v8
85,-1,0,2,2,2,0,v8
86,-1,0,2,2,2,0,v8
87,-1,0,2,2,2,0,v8
88,-1,0,2,2,2,0,v8
89,-1,0,2,2,2,0,v8
90,-1,0,2,2,2,0,v8
91,-1,0,2,2,2,0,v8
92,-1,0,2,2,2,0,v8
93,-1,0,2,2,2,0,v8
94,-1,0,2,2,2,0,v8
95,-1,0,2,2,2,0,v8
96,-1,0,2,2,2,0,v8
97,-1,0,2,2,2,0,v8
98,-1,0,2,2,2,0,v8
99,-1,0,2,2,2,0,v8
100,-1,0,2,2,2,0,v8
101,0,0,2,2,2,0,v8
102,0,0,2,2,2,0,v8
103,0,0,2,2,2,0,v8
104,0,0,2,2,2,0,v8
105,0,0,2,2,2,0,v8
106,0,0,2,2,2,0,v8
107,0,0,2,2,2,0,v8
108,0,0,2,2,2,0,v8
109,-1,0,2,2,2,0,v8
110,-1,0,2,2,2,0,v8
111,-1,0,2,2,2,0,v8
112,-1,0,2,2,2,0,v8
113,-1,0,2,2,2,0,v8
114,-1,0,2,2,2,0,v8
115,-1,0,2,2,2,0,v8
116,-1,0,2,2,2,0,v8
117,-1,0,2,2,2,0,v8
118,-1,0,2,2,2,0,v8
119,-1,0,2,2,2,0,v8
120,-1,0,2,2,2,0,v8
121,-1,0,2,2,2,0,v8
122,-1,0,2,2,2,0,v8
123,-1,1,2,2,2,1,v8
124,-1,1,2,2,2,1,v8
125,-1,1,2,2,2,1,v8
126,-1,1,2,2,2,1,v8
127,-1,1,2,2,2,1,v8
128,-1,1,2,2,2,1,v8
129,-1,1,2,2,2,1,v8
130,-1,1,2,2,2,1,v8
131,0,1,2,2,2,1,v8
132,0,1,2,2,2,1,v8
133,0,1,2,2,2,1,v8
134,0,1,2,2,2,1,v8
135,0,1,2,2,2,1,v8
136,0,1,2,2,2,1,v8
137,0,1,2,2,2,1,v8
138,0,1,2,2,2,1,v8
139,0,1,2,2,2,1,v8
140,0,1,2,2,2,1,v8
141,0,1,2,2,2,1,v8
142,0,1,2,2,2,1,v8
143,0,1,2,2,2,1,v8
144,0,1,2,2,2,1,v8
145,-1,1,2,2,2,1,v8
146,-1,1,2,2,2,1,v8
147,-1,1,2,2,2,1,v8
148,-1,1,2,2,2,1,v8
149,-1,1,2,2,2,1,v8
150,-1,1,2,2,2,1,v8
151,-1,1,2,2,2,1,v8
152,-1,1,2,2,2,1,v8
153,-1,1,2,2,2,1,v8
154,-1,1,2,2,1,1,v8
155,-1,1,2,2,1,1,v8
156,-1,1,2,2,2,1,v8
157,-1,1,2,2,2,1,v8
158,-1,1,2,2,2,1,v8
159,-1,1,2,2,2,1,v8
160,-1,1,2,2,2,1,v8
161,-1,1,2,2,2,1,v8
162,-1,1,2,2,2,1,v8
163,-1,1,2,2,2,1,v8
164,-1,1,2,2,2,1,v8
165,-1,1,2,2,2,1,v8
166,-1,1,2,2,2,1,v8
167,-1,1,2,2,2,1,v8
168,-1,1,2,2,2,1,v8
169,-1,1,2,2,2,1,v8
170,-1,1,2,2,2,1,v8
171,-1,1,2,2,2,1,v8
172,-1,1,2,2,2,1,v8
173,-1,1,2,2,2,1,v8
174,-1,1,2,2,2,1,v8
175,-1,1,2,2,2,1,v8
176,-1,2,2,2,2,2,v8
177,-1,2,2,2,2,2,v8
178,-1,2,2,2,2,2,v8
179,-1,2,2,2,2,2,v8
180,-1,2,2,2,2,2,v8
181,-1,2,2,2,2,2,v8
182,-1,2,2,2,2,2,v8
183,-1,2,2,2,2,2,v8
184,0,2,2,2,2,2,v8
185,0,2,2,2,2,2,v8
186,0,2,2,2,2,2,v8
187,0,2,2,2,2,2,v8
188,0,2,2,2,2,2,v8
189,0,2,2,2,2,2,v8
190,0,2,2,2,2,2,v8
191,0,2,2,2,2,2,v8
192,0,2,2,2,2,2,v8
193,0,2,2,2,2,2,v8
194,0,2,2,2,2,2,v8
195,0,2,2,2,2,2,v8
196,0,2,2,2,2,2,v8
197,0,2,2,2,2,2,v8
198,0,2,2,2,2,2,v8
199,0,2,2,2,2,2,v8
200,0,2,2,2,2,2,v8
201,0,2,2,2,2,2,v8
202,0,2,2,2,2,2,v8
203,0,2,2,2,2,2,v8
204,0,2,2,2,2,2,v8
205,0,2,2,2,2,2,v8
206,0,2,2,2,2,2,v8
207,0,2,2,2,2,2,v8
208,0,2,2,2,2,2,v8
209,0,2,2,2,2,2,v8
210,0,2,2,2,2,2,v8
211,0,2,2,2,2,2,v8
212,0,2,2,2,2,2,v8
213,0,2,2,2,2,2,v8
214,0,2,2,2,2,2,v8
215,0,2,2,2,2,2,v8
216,0,2,2,2,2,2,v8
217,0,2,2,2,2,2,v8
218,0,2,2,2,2,2,v8
219,0,2,2,2,2,2,v8
220,0,2,2,2,2,2,v8
221,0,2,2,2,2,2,v8
222,0,2,2,2,2,2,v8
223,0,2,2,2,2,2,v8
224,0,2,2,2,2,2,v8
225,0,2,2,2,2,2,v8
226,0,2,2,2,2,2,v8
227,0,2,2,2,2,2,v8
228,0,2,2,2,2,2,v8
229,0,2,2,2,2,2,v8
230,0,2,2,2,2,2,v8
231,0,2,2,2,2,2,v8
232,0,2,2,2,2,2,v8
233,0,2,2,2,2,2,v8
234,0,2,2,2,2,2,v8
235,0,2,2,2,2,2,v8
236,0,2,2,2,2,2,v8
237,0,2,2,2,2,2,v8
238,0,2,2,2,2,2,v8
239,0,2,2,2,2,2,v8
240,0,2,2,2,2,2,v8
241,0,2,2,2,2,2,v8
242,0,2,2,2,2,2,v8
243,0,2,2,2,2,2,v8
244,0,2,2,2,2,2,v8
245,0,2,2,2,2,2,v8
246,0,2,2,2,2,2,v8
247,0,2,2,2,2,2,v8
248,-1,2,2,2,2,2,v8
249,-1,2,2,1,2,1,v8
250,-2,2,2,1,2,1,v8
251,-1,2,2,1,2,1,v8
252,-1,2,2,1,2,1,v8
253,-1,2,2,1,2,1,v8
254,-1,2,2,1,2,1,v8
255,-1,2,2,1,2,1,v8
256,-1,2,2,1,2,1,v8
257,-1,2,2,1,2,1,v8
258,-1,2,2,2,2,2,v8
259,-1,2,2,2,2,2,v8
260,-1,2,2,2,2,2,v8
261,-1,2,2,2,2,2,v8
262,-1,2,2,2,2,2,v8
263,-1,2,2,2,2,2,v8
264,-1,2,2,2,2,2,v8
265,-1,2,2,2,2,2,v8
266,-1,2,2,2,2,2,v8
267,-1,2,2,2,2,2,v8
268,-1,2,2,2,2,2,v8
269,-1,2,2,2,2,2,v8
270,-1,2,2,2,2,2,v8
271,-1,2,2,2,2,2,v8
272,-1,2,2,2,2,2,v8
273,-1,2,2,2,2,2,v8
274,-1,2,2,2,2,2,v8
275,-1,2,2,2,2,2,v8
276,-1,2,2,2,2,2,v8
277,-1,2,2,2,2,2,v8
278,-1,2,2,2,2,2,v8
279,-1,2,2,2,2,2,v8
280,-1,2,2,2,2,2,v8
281,-1,2,2,2,2,2,v8
282,-1,2,2,2,2,2,v8
283,0,2,2,2,2,2,v8
284,0,2,2,2,2,2,v8
285,0,2,2,2,2,2,v8
286,0,2,2,2,2,2,v8
287,0,2,2,2,2,2,v8
288,0,2,2,2,2,2,v8
289,0,2,2,2,2,2,v8
290,0,2,2,2,2,2,v8
291,0,2,2,2,2,2,v8
292,0,2,2,2,2,2,v8
293,0,2,2,2,2,2,v8
294,0,2,2,2,2,2,v8
295,0,2,2,2,2,2,v8
296,0,2,2,2,2,2,v8
297,0,2,2,2,2,2,v8
298,0,2,2,2,2,2,v8
299,0,2,2,2,2,2,v8
300,0,2,2,2,2,2,v8
301,0,2,2,2,2,2,v8
302,0,1,2,2,2,1,v8
303,-1,1,2,2,2,1,v8
304,-1,1,2,2,2,1,v8
305,-1,2,2,2,2,2,v8
306,-1,2,2,2,2,2,v8
307,-2,2,2,2,2,2,v8
308,-2,2,2,2,2,2,v8
309,-2,2,2,2,2,2,v8
310,-2,2,2,2,2,2,v8
311,-2,2,2,2,2,2,v8
312,-1,2,2,2,2,2,v8
313,0,2,2,2,2,2,v8
314,0,2,2,2,2,2,v8
315,0,2,2,2,2,2,v8
316,0,2,2,2,2,2,v8
317,0,2,2,2,1,2,v8
318,0,2,2,2,1,2,v8
319,1,2,2,2,1,2,v8
320,1,2,2,2,1,2,v8
321,1,2,2,2,1,2,v8
322,1,2,2,2,1,2,v8
323,1,2,2,2,1,2,v8
