,rule,type,coef,support,importance
741,eye_lmk_Y_5 <= 2.197906494140625 & eye_lmk_Y_54 > -2.8892303705215454,rule,0.028129722396946704,0.986328125,0.003266556650433397
1508,eye_lmk_Y_5 > -2.7853399515151978 & eye_lmk_Z_29 <= 1.6581955552101135,rule,-0.04773894508738225,0.947265625,0.010669783526523438
1297,eye_lmk_X_39 > -1.4497657418251038,rule,-0.016851847727480464,0.943359375,0.003895382685647803
1698,eye_lmk_Y_48 <= 1.5136759877204895,rule,-0.07835405762319425,0.92578125,0.0205386786438769
1794,eye_lmk_Y_38 <= 1.4413215517997742,rule,-0.013314877968817765,0.919921875,0.0036138457484993446
46,eye_lmk_Z_42 <= 2.3057481050491333 & eye_lmk_Z_43 > -1.458475410938263 & eye_lmk_Z_37 > -1.3737496137619019,rule,0.05928937556947302,0.90234375,0.017600009627790025
1271,eye_lmk_Z_23 > -2.0316731929779053 & eye_lmk_Y_38 > -1.1546748876571655 & eye_lmk_Y_29 > -1.1982364058494568,rule,-0.06364439783977822,0.8671875,0.021599125220272502
159,eye_lmk_Z_43 > -0.9503953754901886,rule,0.09039562447228336,0.853515625,0.03196309300674119
618,eye_lmk_X_55 > -0.9912276864051819,rule,-0.1152169120077874,0.853515625,0.04073968066434003
672,eye_lmk_Z_46 > -0.9389952421188354,rule,-0.16854704083276403,0.833984375,0.06271545413698884
1188,eye_lmk_Z_10 <= 0.9564025700092316 & eye_lmk_Z_12 > -2.5360958576202393,rule,-0.04210058216627555,0.8203125,0.016163548071833567
69,eye_lmk_Z_0 > -0.9601395130157471,rule,-0.15766543757443527,0.814453125,0.06129095235869187
1094,eye_lmk_X_8 > -0.8449512124061584,rule,-0.14594438272725244,0.814453125,0.05673450279508262
882,eye_lmk_Z_17 > -1.028241217136383 & eye_lmk_Y_38 <= 1.3946669697761536 & eye_lmk_Y_23 <= 1.2922762036323547,rule,-0.017848727485208042,0.8125,0.006966579213692669
345,eye_lmk_X_27 <= 0.9075351655483246,rule,-0.1184464520323932,0.80859375,0.04659778827387299
1564,eye_lmk_Z_3 > -0.847132533788681,rule,-0.07282680151216157,0.798828125,0.029194533626792626
1977,eye_lmk_Z_51 <= 1.2062121629714966 & eye_lmk_Z_6 > -2.179147720336914 & eye_lmk_Z_44 <= 1.262344777584076 & eye_lmk_Z_1 <= 1.2313190698623657,rule,0.054064773064966175,0.79296875,0.02190586328193463
1529,eye_lmk_Z_19 > -0.7476949989795685 & eye_lmk_Z_17 > -0.8169234395027161,rule,0.05038144315318829,0.791015625,0.020484248841504838
1268,eye_lmk_Z_0 > -0.8407969772815704,rule,-0.24349461912461545,0.787109375,0.09967475559805736
1770,eye_lmk_Z_8 > -0.8174782693386078 & eye_lmk_Y_8 <= 1.6399820446968079,rule,0.3836142911025422,0.779296875,0.15909278576667898
1184,eye_lmk_X_36 > -0.738561600446701,rule,-0.04128995848095393,0.7734375,0.017284271229940786
1160,eye_lmk_X_38 > -0.8552094101905823 & eye_lmk_X_34 > -0.8659041225910187,rule,0.04057680647634708,0.7734375,0.01698574071236987
1215,eye_lmk_X_8 > -0.7557235062122345 & eye_lmk_Z_8 <= 3.5143591165542603,rule,-0.11111091466302274,0.765625,0.04706742272659881
872,eye_lmk_Z_43 > -0.6907515525817871,rule,-0.09635079990700868,0.751953125,0.0416119040864295
356,eye_lmk_Y_19 <= 0.7359037697315216,rule,0.21820503187051263,0.75,0.0944855504167285
1372,eye_lmk_X_16 > -0.5957184433937073,rule,-0.2826537799539638,0.73828125,0.12424620596838211
189,eye_lmk_X_18 <= 0.439685195684433,rule,0.23181779296348934,0.73828125,0.10190021607483388
249,eye_lmk_Y_31 <= 0.6115479171276093,rule,-0.22290817921704686,0.724609375,0.0995755134759912
1717,eye_lmk_X_31 > -0.6351571977138519,rule,-0.0978413286523491,0.72265625,0.043802350385636485
1034,eye_lmk_Z_44 > -0.5131774246692657,rule,-0.129777994272342,0.72265625,0.05809999982380418
111,eye_lmk_Z_28 <= 1.104579508304596 & eye_lmk_X_45 > -0.912487804889679,rule,-0.0924074501447153,0.708984375,0.041974300986538475
1260,eye_lmk_Z_28 > -0.5209446847438812,rule,-0.12792520321983558,0.70703125,0.05822185916194016
1384,eye_lmk_X_7 > -2.580950617790222 & eye_lmk_Y_42 > -2.200085997581482 & eye_lmk_Z_14 <= 0.5201044082641602,rule,-0.5573055324387733,0.70703125,0.2536432493608044
228,eye_lmk_Z_37 <= 1.3844897150993347 & eye_lmk_X_27 > -0.5175123512744904,rule,0.45945542575137005,0.693359375,0.21185436974967675
1734,eye_lmk_Z_38 <= 2.5094027519226074 & eye_lmk_Z_36 > -0.540194571018219 & eye_lmk_X_14 > -1.6566903591156006 & eye_lmk_X_8 > -1.4821122884750366,rule,0.11046083634770767,0.69140625,0.0510232996348862
431,eye_lmk_Z_36 > -0.43623045086860657 & eye_lmk_X_12 > -2.226951003074646,rule,0.6213509063940083,0.6875,0.2880038532471727
1029,eye_lmk_Z_1 > -0.8554626703262329 & eye_lmk_X_35 > -1.2485167980194092 & eye_lmk_Z_13 > -0.8235612213611603,rule,-0.013551359940917596,0.673828125,0.006353027027835261
1657,eye_lmk_Z_47 <= 0.376938134431839,rule,-0.19111648100554876,0.662109375,0.09039638848934446
340,eye_lmk_X_42 <= 0.26433315873146057,rule,-0.1944999088620877,0.650390625,0.0927466161583515
1139,eye_lmk_Z_0 <= 0.2889792323112488 & eye_lmk_Z_41 > -2.7635364532470703,rule,0.0013793852014759292,0.640625,0.000661852837028954
1676,eye_lmk_Z_30 <= 0.5013362765312195 & eye_lmk_Y_12 <= 1.3660683035850525,rule,0.47825307372126535,0.63671875,0.230013370034385
530,eye_lmk_Z_6 <= 0.3534582108259201 & eye_lmk_Y_17 <= 2.37516987323761,rule,-0.37997082466456156,0.630859375,0.18336331575630052
538,eye_lmk_Z_2 <= 1.3244786858558655 & eye_lmk_Z_17 > -1.2139447331428528 & eye_lmk_Z_22 > -1.2664842009544373 & eye_lmk_X_20 > -0.7697397172451019,rule,0.4540871129640701,0.62109375,0.22028434834774155
204,eye_lmk_Z_36 <= 2.328101873397827 & eye_lmk_Y_16 <= 1.2237161993980408 & eye_lmk_Z_14 <= 0.41495075821876526,rule,0.24405281172262092,0.61328125,0.11885330797609264
1190,eye_lmk_Z_33 > -1.9311347007751465 & eye_lmk_Y_42 > -0.4428245574235916 & eye_lmk_Y_42 > -0.43294306099414825,rule,-0.0768586595076962,0.61328125,0.03743003764070609
773,eye_lmk_X_7 > -0.43400444090366364,rule,-0.13795408908633064,0.609375,0.06730648517304759
382,eye_lmk_Z_3 > -0.2946852743625641,rule,-0.1634035110774352,0.609375,0.07972301559451979
1743,eye_lmk_Z_14 <= 0.9964823722839355 & eye_lmk_X_38 <= 0.5161212384700775 & eye_lmk_X_2 <= 0.5747742652893066,rule,0.09213933759250084,0.599609375,0.04514620434490714
1774,eye_lmk_Z_47 > -1.593200922012329 & eye_lmk_Z_24 > -0.3693402111530304 & eye_lmk_Z_21 > -0.35427549481391907,rule,0.0007099818219444987,0.599609375,0.00034787513403270425
1153,eye_lmk_X_44 > -0.31459280848503113,rule,0.13561105492583914,0.59765625,0.06649966489767918
696,eye_lmk_X_12 <= 0.7109503149986267 & eye_lmk_Y_1 > -1.6242735385894775 & eye_lmk_X_9 <= 0.7039287388324738 & eye_lmk_Z_0 <= 2.1093510389328003 & eye_lmk_Y_18 <= 1.0576157569885254,rule,0.061364600630970156,0.58203125,0.030266553491393178
730,eye_lmk_Z_1 <= 0.07287148758769035,rule,0.28177962453910543,0.576171875,0.13924528552825702
752,eye_lmk_Z_20 > -0.23238219320774078,rule,0.09036320042137103,0.57421875,0.044681068997835326
1510,eye_lmk_Z_15 > -0.1906488910317421 & eye_lmk_Z_8 > -0.1780165508389473,rule,0.07210545666783104,0.5625,0.035769957471342186
1194,eye_lmk_Z_37 > -0.16399551928043365,rule,-0.26100356060340485,0.5625,0.12947822112355964
1597,eye_lmk_Y_47 <= 0.298785001039505 & eye_lmk_X_14 <= 1.3923282623291016 & eye_lmk_Y_40 <= 0.20444054156541824,rule,-0.007316851888368168,0.5625,0.0036297319643466574
603,eye_lmk_Z_13 <= 0.09014325961470604,rule,0.07374668363114313,0.55859375,0.03661927739403452
846,eye_lmk_X_38 > -0.1622285544872284,rule,-0.07741967478608686,0.546875,0.03853935037091961
743,eye_lmk_Z_29 > -1.5505833625793457 & eye_lmk_Z_17 <= 0.10038793087005615,rule,0.013915774354773574,0.541015625,0.00693443741201806
372,eye_lmk_Y_39 > 0.0029189743800088763,rule,-0.059038669581840286,0.541015625,0.029419847481476885
1266,eye_lmk_X_2 <= 0.5873990058898926 & eye_lmk_Y_18 <= 0.757640540599823,rule,0.15244267354118607,0.5390625,0.07598837169004613
666,eye_lmk_Y_4 <= 2.108217477798462 & eye_lmk_Z_18 > -0.251091830432415 & eye_lmk_Z_45 > -0.9290101528167725 & eye_lmk_Z_53 > -0.8731141090393066,rule,0.14377373231075546,0.53515625,0.07170894712438956
1413,eye_lmk_Z_37 > -2.65422785282135 & eye_lmk_Z_36 <= 0.1392853558063507,rule,0.06742832385308013,0.53125,0.033648249523464124
1826,eye_lmk_Z_0 <= 3.5207756757736206 & eye_lmk_Y_41 <= 1.5328952074050903 & eye_lmk_Y_37 > -0.3009590208530426 & eye_lmk_Y_55 > -0.3161367177963257 & eye_lmk_Y_55 <= 1.5062351822853088,rule,-0.14429659535931408,0.529296875,0.07202434043357893
1614,eye_lmk_Y_27 > -0.38243868947029114 & eye_lmk_Y_51 > -2.945038676261902 & eye_lmk_Y_35 > -0.07355866767466068,rule,0.03239704945199713,0.529296875,0.016170694207744647
962,eye_lmk_Y_48 <= 0.08238804712891579 & eye_lmk_Y_41 <= 2.4815754890441895,rule,-0.020190976682084808,0.513671875,0.010091713534609588
1613,eye_lmk_X_45 <= 0.47432324290275574 & eye_lmk_Y_36 <= 0.5577247142791748 & eye_lmk_X_50 <= 0.4234617203474045,rule,0.09674742731632119,0.509765625,0.048364486224419
143,eye_lmk_Z_33 <= 0.023881690576672554,rule,-0.3006146309915228,0.509765625,0.1502786439158944
673,eye_lmk_Y_38 <= 1.4113293290138245 & eye_lmk_X_46 > -0.43436236679553986 & eye_lmk_Y_16 > -1.2185166478157043 & eye_lmk_Y_37 > -1.1595683693885803 & eye_lmk_Y_38 > -1.1580073237419128 & eye_lmk_Y_9 <= 1.3865981698036194,rule,-0.013438378104449797,0.5078125,0.006718368788649575
392,eye_lmk_Z_44 <= 0.09177372232079506 & eye_lmk_Z_42 <= 0.04960412718355656,rule,0.05286069564872823,0.505859375,0.02642853293409231
604,eye_lmk_X_11 > -0.015658158343285322,rule,-0.06532317305979152,0.505859375,0.03265934375972684
116,eye_lmk_Y_42 <= -0.029448150657117367,rule,0.5521671328294082,0.50390625,0.27607514088433166
180,eye_lmk_X_1 > -0.08074723184108734 & eye_lmk_Z_22 > -1.9177029132843018,rule,0.1624123501630545,0.501953125,0.08120555552521574
93,eye_lmk_X_9 <= 0.03823188133537769,rule,-0.10577592927472977,0.5,0.052887964637364886
1391,eye_lmk_X_35 <= 0.3232816904783249 & eye_lmk_Z_53 > -1.5503775477409363 & eye_lmk_Z_17 <= 0.9344528913497925 & eye_lmk_X_5 <= 0.3481149226427078,rule,0.061176752653568034,0.4921875,0.030584642166197953
794,eye_lmk_X_34 <= 0.01708878856152296 & eye_lmk_Y_33 > -1.2049062252044678 & eye_lmk_X_46 <= 0.03761744685471058,rule,0.3388776307828113,0.490234375,0.16940649441945535
14,eye_lmk_Z_33 > 0.023881690576672554,rule,0.10790220295466402,0.490234375,0.05394081013981582
522,eye_lmk_Y_35 <= 0.4451238662004471 & eye_lmk_Z_28 <= 0.6604064404964447 & eye_lmk_Z_31 <= 2.337932586669922 & eye_lmk_Y_43 <= 0.41187040507793427 & eye_lmk_Z_34 <= 0.7314223051071167,rule,-0.3765527705312056,0.486328125,0.18820598679786762
1487,eye_lmk_Y_48 > 0.08238804712891579 & eye_lmk_Y_41 <= 2.4815754890441895,rule,0.14763452886532033,0.482421875,0.07377163266479946
1926,eye_lmk_X_45 > -1.0263805389404297 & eye_lmk_Z_45 <= 1.0744096040725708 & eye_lmk_Z_49 > -0.6868744492530823 & eye_lmk_Z_24 <= 0.7199819982051849 & eye_lmk_Z_18 <= 0.7174488306045532 & eye_lmk_X_54 > -1.1095888018608093 & eye_lmk_Z_17 <= 0.7455475926399231,rule,0.24981450756695261,0.482421875,0.12483003961342311
1024,eye_lmk_Z_36 > 0.1392853558063507,rule,-0.09229929165776862,0.4609375,0.046008592727308624
291,eye_lmk_Z_8 > -0.1780165508389473 & eye_lmk_Z_53 > -0.42906810343265533 & eye_lmk_Z_47 > -0.938973069190979,rule,0.08162544332554286,0.45703125,0.0406617362236785
1728,eye_lmk_Z_37 <= -0.16399551928043365,rule,0.016889422759537344,0.4375,0.008378477326719386
10,eye_lmk_Y_19 <= 1.074899971485138 & eye_lmk_X_13 <= -0.07412924617528915 & eye_lmk_X_9 <= -0.09541180357336998,rule,0.016342152442606978,0.4375,0.008106988359495903
288,eye_lmk_Y_42 > 0.1204213835299015,rule,-0.009007552584113976,0.435546875,0.004466200316946906
875,eye_lmk_Z_19 <= 0.8982047140598297 & eye_lmk_X_10 > -0.21960383653640747 & eye_lmk_Z_2 <= 0.9525973498821259 & eye_lmk_Z_43 <= 0.9212818741798401 & eye_lmk_Z_7 <= 0.9340739250183105,rule,-0.33717772745118757,0.435546875,0.16718229054424766
928,eye_lmk_X_14 > -0.8331488966941833 & eye_lmk_X_6 > -0.8003506362438202 & eye_lmk_X_47 > 0.15163050591945648,rule,-0.0727628844334564,0.43359375,0.036059145589932035
1070,eye_lmk_X_17 > 0.08611228689551353,rule,0.37366508354735267,0.42578125,0.18476277181648598
407,eye_lmk_X_39 > -0.8200342059135437 & eye_lmk_X_2 <= 0.47503866255283356 & eye_lmk_X_34 > -0.8498981893062592 & eye_lmk_Y_3 > -2.8200963735580444 & eye_lmk_Y_31 <= 0.9407135546207428,rule,0.4243022646491619,0.41796875,0.20927647303943828
1599,eye_lmk_X_33 <= 1.179109275341034 & eye_lmk_X_9 > -0.1672768071293831,rule,0.28344873997151016,0.41796875,0.13980399712869568
186,eye_lmk_Z_8 > 0.17741625756025314,rule,-0.13796726640782012,0.40234375,0.06765508157123493
491,eye_lmk_Y_14 > 0.3232722878456116,rule,0.47200039986000547,0.400390625,0.23126958647347617
869,eye_lmk_Y_15 > 0.23283813893795013 & eye_lmk_Z_15 <= 1.3456403017044067 & eye_lmk_Y_14 > 0.23634319007396698,rule,0.31706088246896824,0.384765625,0.15426275849190002
33,eye_lmk_X_29 <= -0.4340652674436569,rule,-0.18610969155825105,0.375,0.09009996699661318
1703,eye_lmk_X_35 <= -0.40134404599666595,rule,-0.012248475879125633,0.375,0.005929767887034604
1729,eye_lmk_X_40 <= -0.369354709982872 & eye_lmk_X_4 <= -0.4500318914651871,rule,0.16947318561759325,0.365234375,0.08160063076572864
1620,eye_lmk_Z_24 > 0.2798198163509369,rule,-0.12249413688035375,0.361328125,0.058844392208245964
155,eye_lmk_Y_39 > -0.542048305273056 & eye_lmk_Y_12 > -0.8508757054805756 & eye_lmk_Y_44 > -3.098227858543396 & eye_lmk_X_39 <= 0.0076508717611432076 & eye_lmk_Y_20 <= 1.4836603999137878 & eye_lmk_Y_53 > -0.49278438091278076 & eye_lmk_X_37 <= 0.03444613330066204,rule,0.15718495929725426,0.359375,0.07542005752842189
88,eye_lmk_Y_8 > 0.40593141317367554,rule,-0.20384532868644117,0.353515625,0.09745050341685177
15,eye_lmk_Z_42 <= -0.19963187724351883 & eye_lmk_Z_6 <= 1.0135779976844788 & eye_lmk_Z_17 <= 0.984080582857132 & eye_lmk_Z_35 <= 0.6524272859096527,rule,-0.24650682715025202,0.3515625,0.11769669974376931
1664,eye_lmk_Z_3 > 0.26563161611557007,rule,-0.20766189197562987,0.349609375,0.09902286277901173
1732,eye_lmk_X_42 > 0.26433315873146057,rule,0.0632147303421183,0.349609375,0.03014372790658392
643,eye_lmk_X_42 <= -0.32931898534297943 & eye_lmk_X_32 <= -0.48323291540145874,rule,0.02101091896549415,0.34375,0.009979322535400414
386,eye_lmk_X_31 > -0.33131805062294006 & eye_lmk_Y_26 > -0.7261494994163513 & eye_lmk_Y_31 > -0.23440780490636826 & eye_lmk_Y_28 > -0.21496225148439407,rule,0.28118234134709863,0.326171875,0.13182138339741856
1784,eye_lmk_Y_14 > -0.4880659431219101 & eye_lmk_Y_8 <= 0.3781999349594116,rule,0.46630026873696984,0.3203125,0.21757412757302072
1674,eye_lmk_Y_15 > -3.012852907180786 & eye_lmk_Z_43 <= -0.40495651960372925 & eye_lmk_Z_31 <= -0.481687530875206,rule,0.05540583743499857,0.318359375,0.025810242093765236
336,eye_lmk_Z_19 <= 0.8982047140598297 & eye_lmk_X_10 <= -0.21960383653640747 & eye_lmk_Z_2 <= 0.9525973498821259 & eye_lmk_Z_43 <= 0.9212818741798401 & eye_lmk_Z_7 <= 0.9340739250183105,rule,0.19131758986344763,0.314453125,0.08882831755143124
1258,eye_lmk_X_55 > 0.4492091238498688,rule,0.167959124677729,0.310546875,0.07771763146763969
141,eye_lmk_Z_36 <= 1.5576533079147339 & eye_lmk_Z_31 <= 2.337932586669922 & eye_lmk_Z_18 <= 1.4094918966293335 & eye_lmk_Y_43 > 0.41187040507793427,rule,0.025252747764631364,0.30078125,0.011580853122903488
402,eye_lmk_Z_1 > 0.08390431851148605 & eye_lmk_Z_1 > 0.07287148758769035 & eye_lmk_Y_50 > -0.5486303865909576,rule,-0.050306888178356386,0.298828125,0.02302769310173887
492,eye_lmk_Z_28 <= -0.5209446847438812,rule,0.021383904401701966,0.29296875,0.009732332949815767
1324,eye_lmk_X_37 > 0.03444613330066204 & eye_lmk_Y_12 > -0.8508757054805756 & eye_lmk_Y_39 > -0.542048305273056 & eye_lmk_Y_44 > -3.098227858543396,rule,0.6414554336147852,0.291015625,0.2913687521713025
681,eye_lmk_X_32 <= -0.24266134947538376 & eye_lmk_X_52 > -0.8800819218158722 & eye_lmk_Y_24 <= 2.3436732292175293,rule,-0.09390068202936243,0.279296875,0.04212888717881074
1027,eye_lmk_Y_31 > 0.6115479171276093,rule,0.16894615083346476,0.275390625,0.07547008718174475
936,eye_lmk_Z_14 <= 2.6279574632644653 & eye_lmk_X_45 > 0.47432324290275574,rule,0.2963127688442535,0.2734375,0.1320735628090092
196,eye_lmk_X_1 <= -0.08074723184108734 & eye_lmk_X_36 > -0.826434999704361 & eye_lmk_X_34 > -0.8752408921718597 & eye_lmk_Z_22 > -1.9177029132843018,rule,-0.08437984839068204,0.267578125,0.03735465220347892
427,eye_lmk_X_35 > 0.5683756768703461,rule,0.0364854534629338,0.263671875,0.016076346075102034
208,eye_lmk_Z_44 <= -0.02247401513159275 & eye_lmk_Z_9 <= -0.4301896244287491 & eye_lmk_Z_42 <= -0.05827414616942406,rule,0.12280375719513531,0.263671875,0.05411021414321893
1517,eye_lmk_X_16 <= -0.5957184433937073,rule,0.3282397839102104,0.26171875,0.14428445926096425
1931,eye_lmk_X_21 > -0.6574185490608215 & eye_lmk_Z_41 <= -0.22514597326517105 & eye_lmk_Z_31 <= -0.2414424940943718,rule,0.19157193715848028,0.2578125,0.08379935844352657
1381,eye_lmk_Y_16 > 0.7373248040676117,rule,-0.07354506460612109,0.24609375,0.03167834598128709
1988,eye_lmk_Y_16 > 0.7338995039463043,rule,-0.2045934601765485,0.2421875,0.0876493080294352
275,eye_lmk_Z_38 <= 2.5094027519226074 & eye_lmk_X_14 > -1.6566903591156006 & eye_lmk_X_8 > -1.4821122884750366 & eye_lmk_Z_36 <= -0.540194571018219,rule,-0.0009403276336373199,0.2421875,0.0004028431130601437
73,eye_lmk_Y_9 <= -0.6473778188228607,rule,0.16387027349677138,0.240234375,0.07000959639419772
1622,eye_lmk_X_16 > -0.6418713331222534 & eye_lmk_X_3 > -0.8189546465873718 & eye_lmk_X_18 <= 0.022946625016629696 & eye_lmk_X_3 > -0.8405128419399261 & eye_lmk_X_8 <= 0.009623806457966566 & eye_lmk_Y_8 <= 1.5879855155944824,rule,-0.09479070073831428,0.23828125,0.040383875251675104
53,eye_lmk_Y_41 <= -0.6181054711341858,rule,0.41215163155151774,0.23828125,0.17558979882742082
983,eye_lmk_Z_36 > -0.4547954797744751 & eye_lmk_X_5 > 0.46592067182064056 & eye_lmk_Z_29 <= 2.3383374214172363 & eye_lmk_X_47 > 0.4939716011285782,rule,0.10586166026571574,0.234375,0.044843798913701424
1971,eye_lmk_Y_11 > 0.3263806104660034 & eye_lmk_X_23 <= 0.035768020898103714 & eye_lmk_X_30 <= 0.11911783739924431 & eye_lmk_Y_8 > 0.180613175034523,rule,0.6047547392341843,0.232421875,0.25543421822880796
1920,eye_lmk_Z_36 > -1.505575954914093 & eye_lmk_Z_36 <= -0.4547954797744751 & eye_lmk_Z_43 <= -0.3059556186199188 & eye_lmk_Z_39 > -1.6094414591789246,rule,0.3450940138666371,0.23046875,0.1453304370187765
450,eye_lmk_Z_8 <= 3.5143591165542603 & eye_lmk_X_8 <= -0.7557235062122345,rule,0.1812813507865083,0.23046875,0.07634353791873878
158,eye_lmk_X_19 > 0.1022028960287571 & eye_lmk_X_6 <= 0.7507680356502533,rule,0.09052150831661898,0.21484375,0.03717844231328867
1575,eye_lmk_X_46 > -0.697169303894043 & eye_lmk_X_31 > -0.6417337954044342 & eye_lmk_Y_41 > -1.771015465259552 & eye_lmk_X_32 <= 0.04813945107161999 & eye_lmk_Y_12 <= 1.5427443385124207 & eye_lmk_X_19 <= -0.024390039034187794,rule,0.24327427205176044,0.212890625,0.09958455631269932
544,eye_lmk_Z_0 <= -0.8407969772815704,rule,0.3154579840375578,0.212890625,0.1291330279635768
966,eye_lmk_X_7 <= -0.7805737555027008 & eye_lmk_X_20 <= -0.7697397172451019 & eye_lmk_Z_17 > -1.2139447331428528 & eye_lmk_Z_22 > -1.2664842009544373,rule,0.16710580626788205,0.208984375,0.06794241498886032
287,eye_lmk_Y_36 > 0.8883507251739502,rule,-0.3456257268926518,0.203125,0.1390537970141151
1101,eye_lmk_X_45 <= 0.47432324290275574 & eye_lmk_X_50 <= 0.4234617203474045 & eye_lmk_Y_36 > 0.5577247142791748,rule,-0.17152683211316078,0.203125,0.06900949622464217
1061,eye_lmk_X_40 > -0.8713261783123016 & eye_lmk_Y_44 <= -0.5662102997303009 & eye_lmk_X_39 > -0.7190646231174469,rule,0.4598147649155377,0.203125,0.18499487743433263
1121,eye_lmk_X_0 <= -0.8537066280841827,rule,0.08452062848009473,0.19921875,0.03375862668188734
553,eye_lmk_Y_0 > 0.8824692368507385,rule,0.6279881904783154,0.19921875,0.25082656464136655
572,eye_lmk_X_35 <= 0.5683756768703461 & eye_lmk_X_10 <= -0.6389196515083313 & eye_lmk_Z_19 <= 0.7659591138362885 & eye_lmk_X_49 <= 0.5583082437515259,rule,0.2211574626099354,0.193359375,0.08734222691524289
1829,eye_lmk_Y_37 > -1.5385639071464539 & eye_lmk_Y_12 > -2.957397222518921 & eye_lmk_Y_14 <= -0.4880659431219101,rule,-0.040155378803417956,0.19140625,0.015797449458655858
1232,eye_lmk_Y_37 <= 0.2977197915315628 & eye_lmk_Y_30 > -2.8101918697357178 & eye_lmk_Y_38 <= 0.27828851342201233 & eye_lmk_Z_33 > 0.6287383139133453,rule,0.09228393682043162,0.189453125,0.03616313458900044
937,eye_lmk_Z_30 > -2.965019106864929 & eye_lmk_X_31 <= -0.8863835036754608 & eye_lmk_Z_24 > -2.3769863843917847,rule,0.04315906995425337,0.1875,0.016845519092315547
481,eye_lmk_Y_32 > -1.830858826637268 & eye_lmk_Z_6 > -1.1181259155273438 & eye_lmk_Z_32 <= -0.6184232831001282,rule,-0.5707241570597583,0.185546875,0.22186363516601249
1269,eye_lmk_Z_0 <= -0.9601395130157471,rule,0.09098450029057187,0.185546875,0.03536936666957271
675,eye_lmk_Y_5 > -0.5887549221515656 & eye_lmk_Y_42 > -0.029448150657117367 & eye_lmk_Y_39 <= 1.1723624467849731 & eye_lmk_Y_17 > 0.4696968197822571 & eye_lmk_Y_17 > 0.4009692072868347,rule,-0.32644983810406686,0.185546875,0.1269042967346149
446,eye_lmk_Z_1 > 0.5898385643959045 & eye_lmk_Z_35 <= 1.3144076466560364,rule,-0.0671371395469399,0.18359375,0.025992313733911806
1586,eye_lmk_Y_3 > 0.7867571115493774 & eye_lmk_Y_8 <= 1.5498547554016113,rule,0.13663770149491075,0.17578125,0.05200894772587382
1059,eye_lmk_Z_10 > 0.9564025700092316 & eye_lmk_Z_12 > -2.5360958576202393,rule,0.1767597266785201,0.173828125,0.06698515202907968
1325,eye_lmk_Z_30 <= -0.9209491610527039,rule,-0.014923822396481757,0.173828125,0.00565555588293855
297,eye_lmk_Y_31 > -0.23440780490636826 & eye_lmk_Y_26 > -0.7261494994163513 & eye_lmk_Z_42 > -0.7855224907398224 & eye_lmk_Y_28 > -0.21496225148439407 & eye_lmk_Z_34 > -0.9119410514831543 & eye_lmk_X_31 <= -0.33131805062294006 & eye_lmk_X_8 <= -0.32215237617492676,rule,-0.12143147001722178,0.173828125,0.04601786636054292
821,eye_lmk_Y_41 <= 0.8213850259780884 & eye_lmk_Z_18 <= -0.04172082711011171 & eye_lmk_Z_42 <= -0.25171104818582535 & eye_lmk_Y_16 <= 1.0593022108078003 & eye_lmk_Z_36 <= -0.2115936353802681 & eye_lmk_Y_43 <= 0.8405815660953522,rule,0.03038083981288908,0.166015625,0.011304548311939673
1176,eye_lmk_Z_46 <= -0.9389952421188354,rule,0.12875047951482949,0.166015625,0.04790736611709158
1175,eye_lmk_Y_40 > 0.7176981270313263 & eye_lmk_Y_37 > 0.5945437252521515 & eye_lmk_X_37 > -0.4273078888654709,rule,0.10305411110867783,0.1640625,0.03816426371928319
1943,eye_lmk_Z_6 > 1.0135779976844788,rule,0.2719152803234354,0.1640625,0.10069900517236673
920,eye_lmk_Z_42 <= -1.0161588191986084,rule,0.212742757379434,0.1640625,0.07878550995829715
256,eye_lmk_Y_19 <= 0.5456508100032806 & eye_lmk_X_35 > -0.810278058052063 & eye_lmk_Y_18 > -0.050913333892822266 & eye_lmk_X_47 > -0.8901027739048004,rule,-0.095658750095076,0.16015625,0.03508293307302531
1666,eye_lmk_Z_8 <= -0.9698066115379333 & eye_lmk_Z_42 <= 0.40485844016075134,rule,0.04027784256043715,0.16015625,0.014771935170271516
944,eye_lmk_Y_36 > 1.0182394981384277,rule,0.2042013861979054,0.158203125,0.07451948922342556
313,eye_lmk_X_8 <= -0.9894749224185944 & eye_lmk_Z_0 > -0.8821690380573273 & eye_lmk_Z_9 > -0.9154269099235535,rule,0.06175625277405228,0.15625,0.022423212986070005
75,eye_lmk_X_43 > 0.811354786157608 & eye_lmk_Y_19 <= 0.5352733433246613,rule,-0.004737459978663304,0.1484375,0.0016843239882295875
890,eye_lmk_Y_8 <= 0.3764667212963104 & eye_lmk_X_8 > -0.8889366686344147 & eye_lmk_X_35 <= -0.12694533914327621 & eye_lmk_X_18 <= -0.24086035788059235 & eye_lmk_X_9 > -0.8632326126098633,rule,0.11489249429696108,0.142578125,0.040171253831150146
131,eye_lmk_Z_35 > 0.45046718418598175 & eye_lmk_X_16 <= -0.10598497465252876,rule,0.25240763289259105,0.1328125,0.08566007778287503
1895,eye_lmk_Y_10 > 1.0080628395080566 & eye_lmk_Y_41 <= 1.6086578369140625,rule,-0.18709305634497328,0.130859375,0.06309647765340023
974,eye_lmk_Z_35 > 0.6524272859096527 & eye_lmk_Z_6 <= 1.0135779976844788 & eye_lmk_Z_31 > 0.8312796056270599 & eye_lmk_Z_17 <= 0.984080582857132,rule,0.04191880104420849,0.12890625,0.014046828777863403
104,eye_lmk_Z_30 > 1.197585940361023,rule,-0.2737625062768092,0.12890625,0.09173676144538462
1334,eye_lmk_Y_19 > 0.7359037697315216 & eye_lmk_X_46 > -0.619399905204773 & eye_lmk_Y_36 > 0.626886248588562 & eye_lmk_Z_8 > -1.1062673926353455,rule,0.07323394166422893,0.125,0.02421984964657018
1504,eye_lmk_X_46 > 0.41976019740104675 & eye_lmk_Y_39 > 0.2778872698545456 & eye_lmk_Y_47 > 0.30551065504550934,rule,0.003670733354137927,0.125,0.001213980948034868
1315,eye_lmk_Z_15 <= -0.09952663630247116 & eye_lmk_X_5 > 0.4082982987165451 & eye_lmk_X_45 > 0.34167174994945526,rule,0.2019143820681557,0.123046875,0.06632705865427657
1619,eye_lmk_Z_43 <= -0.29661591351032257 & eye_lmk_Z_21 <= 1.1892509460449219 & eye_lmk_Z_1 > -1.2053611278533936 & eye_lmk_Z_28 <= -0.6590489149093628 & eye_lmk_Z_29 <= -0.36918625235557556 & eye_lmk_Z_14 > -1.0476411581039429 & eye_lmk_Z_35 > -1.4868538975715637,rule,0.26135389106540474,0.12109375,0.08526309848208516
840,eye_lmk_Y_39 > 1.1723624467849731 & eye_lmk_Y_42 > -0.029448150657117367,rule,0.03472984610670292,0.11328125,0.011007148384439894
1407,eye_lmk_Y_35 <= 0.4451238662004471 & eye_lmk_Z_34 > 0.7314223051071167 & eye_lmk_Z_31 <= 2.337932586669922 & eye_lmk_X_9 <= 0.5135495215654373 & eye_lmk_Y_43 <= 0.41187040507793427,rule,0.3386164584373116,0.109375,0.1056852884340497
1099,eye_lmk_Y_40 <= -1.2610666751861572,rule,0.0012605582880049226,0.10546875,0.00038718862517102135
220,eye_lmk_Y_1 > 0.8947851359844208 & eye_lmk_Y_9 > 0.8307823836803436 & eye_lmk_Z_43 > -0.5842788815498352,rule,0.09296369978299573,0.10546875,0.028554401214368225
1850,eye_lmk_Y_37 <= -1.1595683693885803,rule,0.20682950915147333,0.10546875,0.0635290204786178
466,eye_lmk_Z_41 <= -0.22514597326517105 & eye_lmk_Z_31 <= -0.2414424940943718 & eye_lmk_X_21 <= -0.6574185490608215,rule,-0.04693198414553405,0.103515625,0.014296944520074425
318,eye_lmk_X_35 <= -1.2485167980194092,rule,0.42640775092531685,0.103515625,0.1298970855143162
930,eye_lmk_X_48 <= 0.055855490267276764 & eye_lmk_X_37 <= 0.04509175941348076 & eye_lmk_Y_36 > 0.2692703455686569 & eye_lmk_Z_18 <= -0.511606901884079 & eye_lmk_Y_18 > 0.17493007332086563,rule,0.25234543124870906,0.09765625,0.07490856459268964
414,eye_lmk_Z_17 > 0.15481828153133392 & eye_lmk_Z_19 > 0.16687075793743134 & eye_lmk_X_32 > -0.3404761552810669 & eye_lmk_Z_45 <= 0.7989159524440765 & eye_lmk_Z_28 <= 0.8507663607597351,rule,0.26704283512192883,0.095703125,0.07855964363014327
1948,eye_lmk_Z_35 > 1.1517175436019897 & eye_lmk_Y_31 <= 0.5045690685510635 & eye_lmk_Z_28 > 1.104579508304596 & eye_lmk_X_45 > -0.912487804889679,rule,0.4126179724532221,0.08984375,0.11799131841208953
1888,eye_lmk_Z_36 <= 0.0464602243155241 & eye_lmk_Y_18 > 0.757640540599823 & eye_lmk_Y_42 > 1.2880862355232239 & eye_lmk_Y_6 > 0.8008182942867279,rule,0.04939112483514348,0.087890625,0.013984394055269522
1299,eye_lmk_Z_17 > 0.15481828153133392 & eye_lmk_Z_19 > 0.16687075793743134 & eye_lmk_Z_45 <= 0.7989159524440765 & eye_lmk_X_32 <= -0.3404761552810669 & eye_lmk_Z_28 <= 0.8507663607597351 & eye_lmk_X_16 <= -0.6508454978466034 & eye_lmk_X_8 <= -0.8688290417194366,rule,0.33743924744122716,0.087890625,0.09554112042765367
1414,eye_lmk_X_43 <= -0.1329382136464119 & eye_lmk_X_39 > -0.32980020344257355,rule,0.20866547135639105,0.087890625,0.05908065845667941
1090,eye_lmk_Y_19 > 1.1060323119163513 & eye_lmk_Y_36 <= 1.7807036638259888,rule,-0.0008659798550692632,0.0859375,0.00024270967746542365
1941,eye_lmk_Z_35 > 1.2265176177024841 & eye_lmk_Z_1 > 0.1768953502178192,rule,0.2644326795390306,0.083984375,0.0733442064328243
656,eye_lmk_Y_38 > 1.3946669697761536,rule,0.0005817843713734873,0.080078125,0.00015790448714252253
545,eye_lmk_X_19 > -0.9864963591098785 & eye_lmk_X_32 <= -0.7568500638008118,rule,-0.15901134247758195,0.080078125,0.043157921936764515
1827,eye_lmk_Y_37 <= -1.5385639071464539 & eye_lmk_Y_12 > -2.957397222518921,rule,0.1018597137218465,0.078125,0.027335906810194058
1868,eye_lmk_Z_33 <= -0.33191631734371185 & eye_lmk_Y_9 > 0.9822120666503906,rule,-0.010842615266000985,0.076171875,0.002876252178811566
374,eye_lmk_X_44 <= -0.31459280848503113 & eye_lmk_X_8 <= -0.5383096039295197 & eye_lmk_X_45 > -0.7583976984024048,rule,0.07374307790254803,0.076171875,0.019562041378943414
136,eye_lmk_X_29 > 1.0947123169898987 & eye_lmk_Z_3 > -0.09322302043437958,rule,-0.21360099396372897,0.072265625,0.055307111220689834
456,eye_lmk_X_42 <= -0.32931898534297943 & eye_lmk_X_32 > -0.48323291540145874,rule,-0.0059277172289308195,0.072265625,0.0015348473337204913
586,eye_lmk_Y_36 <= -0.9773247838020325 & eye_lmk_X_5 <= -0.08213219791650772,rule,-0.4937441948554145,0.0703125,0.12623702999883554
816,eye_lmk_Z_53 <= -0.42906810343265533 & eye_lmk_Z_8 > -0.1780165508389473 & eye_lmk_Z_47 > -0.938973069190979,rule,-0.031789426522629165,0.0703125,0.008127696145892031
5,eye_lmk_X_3 > -2.5689715147018433 & eye_lmk_Y_42 > 1.576296865940094,rule,0.165684686369343,0.06640625,0.041253976406530744
1231,eye_lmk_X_48 <= 0.014760524034500122 & eye_lmk_Y_19 > 1.178674340248108,rule,-0.21670597266677016,0.064453125,0.053213968329875044
1936,eye_lmk_X_3 > 1.2366811037063599 & eye_lmk_X_14 > 1.2391111850738525 & eye_lmk_X_18 <= 1.9294937252998352,rule,-0.0853914933714833,0.064453125,0.020968597071840792
1612,eye_lmk_Y_4 > 1.3092206120491028 & eye_lmk_Y_17 <= 1.579647719860077,rule,0.02652285143581416,0.060546875,0.006325627834113735
1745,eye_lmk_Y_9 <= 0.822178453207016 & eye_lmk_Y_41 <= 0.4293956309556961 & eye_lmk_Z_30 > 1.206894040107727,rule,-0.09458253172306536,0.060546875,0.022557676226338294
487,eye_lmk_Y_30 > 1.0555369853973389 & eye_lmk_X_35 > -1.023403286933899 & eye_lmk_Z_36 <= -0.5327686071395874 & eye_lmk_Y_42 <= 1.5861784219741821,rule,-0.07239621467578312,0.060546875,0.017266300033609093
1858,eye_lmk_X_39 > -0.3869277387857437 & eye_lmk_Z_43 <= -1.3146439790725708,rule,-0.5523039795824356,0.05859375,0.12971564455955578
978,eye_lmk_Z_17 <= 0.7455475926399231 & eye_lmk_Z_24 <= 0.7199819982051849 & eye_lmk_X_54 <= -1.1095888018608093 & eye_lmk_Z_18 <= 0.7174488306045532,rule,0.003342186502470301,0.05859375,0.0007849551921279869
1432,eye_lmk_Z_42 > 0.25048091262578964 & eye_lmk_Y_38 > 0.5848760306835175 & eye_lmk_Y_9 > 0.7516259551048279,rule,0.516646791637596,0.05859375,0.12134109849718085
1064,eye_lmk_Z_19 > 0.10313794761896133 & eye_lmk_X_41 > -0.677842915058136 & eye_lmk_Z_16 > 0.1593213826417923 & eye_lmk_Y_10 > -2.7520593404769897 & eye_lmk_Y_42 <= 2.1049575805664062 & eye_lmk_X_36 <= -0.26324645429849625,rule,0.01509086816826686,0.056640625,0.003488324100994548
490,eye_lmk_Z_27 <= -0.7311971485614777 & eye_lmk_X_47 > -1.0037707090377808 & eye_lmk_Z_28 > -1.9747717380523682 & eye_lmk_Z_43 <= -0.9205083250999451 & eye_lmk_X_30 > -0.9331971108913422,rule,-0.39753495487427715,0.056640625,0.09189204680693878
708,eye_lmk_Y_41 <= 0.8213850259780884 & eye_lmk_Z_0 > -0.003807835659245029 & eye_lmk_Z_42 <= -0.25171104818582535 & eye_lmk_Z_18 > -0.04172082711011171 & eye_lmk_Y_40 <= 0.02950386982411146 & eye_lmk_Y_16 <= 1.0593022108078003 & eye_lmk_Z_36 <= -0.2115936353802681 & eye_lmk_Y_43 <= 0.8405815660953522,rule,0.31289449844702166,0.056640625,0.07232701312019345
621,eye_lmk_Z_30 <= -0.78318852186203 & eye_lmk_Y_8 <= -0.1798960044980049 & eye_lmk_Z_1 <= 0.5567400455474854 & eye_lmk_Z_29 <= -0.7455935478210449,rule,0.47686768438701005,0.056640625,0.11023017482391226
1475,eye_lmk_Z_31 <= 0.8312796056270599 & eye_lmk_Z_35 > 0.6524272859096527 & eye_lmk_Z_6 <= 1.0135779976844788 & eye_lmk_Z_17 <= 0.984080582857132,rule,-0.41958833656202565,0.052734375,0.0937791296639723
397,eye_lmk_Z_43 <= -1.3146439790725708 & eye_lmk_X_39 <= -0.3869277387857437,rule,0.02096814731108847,0.05078125,0.004603571648011064
1869,eye_lmk_X_7 > -0.8302657008171082 & eye_lmk_X_38 <= -0.7261899411678314,rule,-0.057159533536484695,0.05078125,0.012549416221572646
26,eye_lmk_Z_17 > -0.8441385924816132 & eye_lmk_Y_42 <= 1.632292091846466 & eye_lmk_Y_12 <= 1.573322832584381 & eye_lmk_Y_4 > 1.0066218972206116 & eye_lmk_Z_21 > -0.7445557415485382,rule,0.5796185661444404,0.05078125,0.1272556682369501
608,eye_lmk_Y_8 > 0.180613175034523 & eye_lmk_Y_11 <= 0.3263806104660034,rule,-0.27027021171368143,0.048828125,0.05824554399666958
777,eye_lmk_Y_31 > -0.23440780490636826 & eye_lmk_Y_26 > -0.7261494994163513 & eye_lmk_Y_28 > -0.21496225148439407 & eye_lmk_X_31 <= -0.33131805062294006 & eye_lmk_Z_34 <= -0.9119410514831543,rule,0.28959136720451506,0.048828125,0.06240941838398104
996,eye_lmk_X_17 > -0.491258442401886 & eye_lmk_X_45 > -0.0750415250658989 & eye_lmk_Z_51 <= -0.9088395237922668 & eye_lmk_Z_42 <= -1.1593765020370483,rule,0.3795161437189402,0.048828125,0.08178897743213229
560,eye_lmk_X_19 > -0.06236792169511318 & eye_lmk_X_30 <= 0.007448955671861768,rule,-0.16851340975065118,0.046875,0.035618861778068764
1655,eye_lmk_Y_32 <= 1.554930329322815 & eye_lmk_Z_42 <= -1.602049469947815 & eye_lmk_Z_36 <= -1.3143562078475952,rule,0.9599784683679167,0.046875,0.20291168771265605
1862,eye_lmk_Z_45 <= -0.9383806884288788 & eye_lmk_X_54 <= -0.6108371317386627 & eye_lmk_Y_39 > -1.035666048526764 & eye_lmk_Y_37 <= 1.5839568972587585 & eye_lmk_Z_53 <= -0.8880400359630585,rule,0.27036002609961923,0.046875,0.0571462912904484
977,eye_lmk_Z_5 > 0.8414937257766724 & eye_lmk_Z_19 > 0.7771123647689819 & eye_lmk_Z_36 <= 0.384343683719635,rule,0.0799440256673699,0.046875,0.016897855217824446
999,eye_lmk_Y_5 > -2.7853399515151978 & eye_lmk_Z_29 > 1.6581955552101135,rule,0.5348017388246905,0.046875,0.11304162227833546
357,eye_lmk_X_6 > 0.013602720573544502 & eye_lmk_X_6 <= 0.09934937953948975,rule,-0.005323441340674658,0.046875,0.001125221557012705
714,eye_lmk_Z_42 > -1.1593765020370483 & eye_lmk_Z_51 <= -0.9088395237922668,rule,-0.007083037331706523,0.044921875,0.0014671277018430814
1527,eye_lmk_X_43 > 0.811354786157608 & eye_lmk_Y_19 > 0.5352733433246613,rule,0.668167168994869,0.044921875,0.138399180632055
1812,eye_lmk_Z_1 <= 0.5567400455474854 & eye_lmk_Z_29 <= -0.7455935478210449 & eye_lmk_Z_33 > -1.1764684319496155 & eye_lmk_Y_8 > -0.1798960044980049 & eye_lmk_Z_30 <= -0.78318852186203,rule,-0.3602286880655863,0.04296875,0.07304957875032499
1610,eye_lmk_Z_44 <= -0.7098333537578583 & eye_lmk_Z_51 <= -0.6435238718986511 & eye_lmk_X_8 <= -0.7708042562007904,rule,0.0813858894512504,0.04296875,0.01650397410755893
1701,eye_lmk_X_35 <= -0.12694533914327621 & eye_lmk_X_9 > -0.8632326126098633 & eye_lmk_X_8 > -0.8889366686344147 & eye_lmk_X_18 > -0.24086035788059235,rule,-0.13315106128864954,0.04296875,0.02700126130854864
968,eye_lmk_X_12 <= 0.7109503149986267 & eye_lmk_Y_18 > 1.0576157569885254 & eye_lmk_Y_1 > -1.6242735385894775 & eye_lmk_Y_42 <= 1.34572833776474 & eye_lmk_X_9 <= 0.7039287388324738 & eye_lmk_Z_0 <= 2.1093510389328003,rule,-0.21267588823295377,0.04296875,0.04312783673392463
145,eye_lmk_Z_36 > -1.2363830208778381 & eye_lmk_Z_29 <= -1.004606455564499,rule,-0.05448748811112205,0.04296875,0.011049336672919624
641,eye_lmk_Z_18 > -0.511606901884079 & eye_lmk_X_48 <= 0.055855490267276764 & eye_lmk_X_37 <= 0.04509175941348076 & eye_lmk_X_28 > -0.4359055459499359 & eye_lmk_Y_18 > 0.17493007332086563,rule,0.1593339872763024,0.041015625,0.03160012909214436
1836,eye_lmk_Z_30 <= 0.5013362765312195 & eye_lmk_Y_12 > 1.3660683035850525 & eye_lmk_Y_11 <= 1.636557936668396,rule,-0.02869249162362783,0.041015625,0.005690477309838594
1835,eye_lmk_Z_44 > 0.26408178359270096 & eye_lmk_Z_15 > 0.8132945597171783 & eye_lmk_X_19 <= 1.1681153774261475 & eye_lmk_Z_14 <= 1.1797046661376953,rule,-0.6862455551373595,0.041015625,0.1361005803089953
1914,eye_lmk_Z_18 > -0.479641854763031 & eye_lmk_Z_5 <= -0.3834535777568817,rule,-0.017654505816048743,0.0390625,0.0034204492695454835
946,eye_lmk_X_35 <= 0.21272297203540802 & eye_lmk_Z_43 > -1.5537404417991638 & eye_lmk_Z_8 <= -1.1411759853363037 & eye_lmk_X_2 > -0.8505609333515167 & eye_lmk_X_55 <= 0.2613835632801056,rule,0.45371521103997164,0.0390625,0.08790446350373567
1916,eye_lmk_Y_8 > 1.152948021888733 & eye_lmk_Z_35 <= -0.42095330357551575 & eye_lmk_Z_29 > -1.4480962753295898 & eye_lmk_X_0 <= 0.5207211375236511,rule,-0.21496629125452762,0.037109375,0.04063503731647285
787,eye_lmk_Z_36 <= -0.5327686071395874 & eye_lmk_X_35 <= -1.023403286933899,rule,0.1951632690825774,0.037109375,0.03689167578643952
642,eye_lmk_Z_17 > -0.8441385924816132 & eye_lmk_Y_42 > 1.632292091846466 & eye_lmk_Z_21 > -0.7445557415485382,rule,0.9149006804995388,0.037109375,0.17294350233240177
1747,eye_lmk_Z_15 <= -1.413605511188507 & eye_lmk_Y_37 <= 1.2955177426338196,rule,0.300179114108534,0.037109375,0.05674280107937215
373,eye_lmk_Y_36 <= 1.3505524396896362 & eye_lmk_Y_42 <= 1.3243184685707092 & eye_lmk_Y_42 > 1.0657523274421692,rule,0.15234300753858676,0.037109375,0.028797369857883674
225,eye_lmk_Y_17 > 1.3047373294830322 & eye_lmk_X_55 <= 0.4492091238498688 & eye_lmk_X_32 <= 0.4380768835544586 & eye_lmk_Y_41 <= 1.9495898485183716,rule,-0.05484119597463968,0.03515625,0.01010035604690842
1786,eye_lmk_Y_41 <= 1.4900728464126587 & eye_lmk_Y_53 > -0.6826973259449005 & eye_lmk_X_8 <= -1.1339986324310303 & eye_lmk_Y_16 <= 1.1192448139190674 & eye_lmk_X_1 <= -1.1584143042564392,rule,0.4459701890457271,0.03515625,0.08213638699185018
828,eye_lmk_Z_7 > 0.4348066449165344 & eye_lmk_Y_8 <= -1.1695629954338074 & eye_lmk_Y_43 > -1.579401969909668,rule,-0.3642232653795413,0.03515625,0.06708067895897397
548,eye_lmk_Z_11 > -0.8521444201469421 & eye_lmk_X_19 > -0.024390039034187794 & eye_lmk_Z_6 > -1.844257652759552 & eye_lmk_X_32 <= 0.04813945107161999,rule,-0.15975471072390154,0.033203125,0.028622711446051722
1267,eye_lmk_X_18 > 1.0769001245498657 & eye_lmk_Z_2 <= -0.08145243674516678 & eye_lmk_Z_10 > -1.773832619190216 & eye_lmk_X_35 <= 1.556743860244751,rule,0.20605747159072885,0.033203125,0.03691862057725238
1730,eye_lmk_X_42 > -2.283642888069153 & eye_lmk_Y_46 <= -1.1936224699020386 & eye_lmk_Y_37 <= -1.8471266627311707 & eye_lmk_Y_38 <= -1.2213243246078491,rule,0.16318016370200505,0.033203125,0.029236438275889776
167,eye_lmk_Y_16 > -1.7785517573356628 & eye_lmk_X_53 <= 1.3135513067245483 & eye_lmk_Y_14 <= -1.3317895531654358,rule,-0.47014137626115304,0.03125,0.08180113750745963
1821,eye_lmk_X_51 <= -0.8866133987903595 & eye_lmk_Y_30 > -1.2582929730415344 & eye_lmk_X_29 <= -0.4604234993457794 & eye_lmk_Z_30 > 0.5013362765312195 & eye_lmk_Z_50 > 0.4779984652996063,rule,0.1140515747899496,0.029296875,0.019233359495297964
396,eye_lmk_Z_15 > 1.3456403017044067 & eye_lmk_Y_14 > 0.23634319007396698,rule,-0.13021897433112392,0.029296875,0.0219597874999284
820,eye_lmk_X_18 > 0.439685195684433 & eye_lmk_X_14 <= 0.5636795461177826 & eye_lmk_X_25 <= 0.5492152273654938,rule,-0.015423067255402514,0.02734375,0.0025152402874904375
1379,eye_lmk_X_18 > 1.9294937252998352 & eye_lmk_X_3 > 1.2366811037063599 & eye_lmk_X_14 > 1.2391111850738525,rule,0.24742479784501856,0.02734375,0.04035078168034132
748,eye_lmk_X_45 > 0.02143228892236948 & eye_lmk_X_26 <= 0.08819281309843063,rule,-0.13102771634182628,0.02734375,0.02136839485060195
1683,eye_lmk_X_5 > -2.531723737716675 & eye_lmk_Y_9 > 0.990816056728363 & eye_lmk_Y_10 <= 1.1465665698051453,rule,-0.8194803483336056,0.02734375,0.1336433248200595
451,eye_lmk_Y_35 <= 0.4451238662004471 & eye_lmk_Z_34 > 0.7314223051071167 & eye_lmk_Z_31 <= 2.337932586669922 & eye_lmk_Y_43 <= 0.41187040507793427 & eye_lmk_X_8 > 1.5264944434165955 & eye_lmk_X_9 > 0.5135495215654373,rule,0.16371268891583735,0.02734375,0.026698758678515316
1985,eye_lmk_Z_45 > 0.0042948402697220445 & eye_lmk_Z_42 <= 0.03844430670142174,rule,-0.6947236268377108,0.02734375,0.11329762270741517
610,eye_lmk_Z_8 > 1.4785541892051697 & eye_lmk_Y_4 > -1.274768888950348 & eye_lmk_Z_22 > 2.131664752960205 & eye_lmk_Y_13 > -1.3115479350090027 & eye_lmk_Z_19 > 1.4224070310592651,rule,0.24409979238565963,0.025390625,0.03839895433777112
1150,eye_lmk_Y_15 > -3.012852907180786 & eye_lmk_Z_43 <= -0.40495651960372925 & eye_lmk_Z_31 > -0.481687530875206,rule,-0.17909902217495302,0.025390625,0.02817378543104202
533,eye_lmk_Z_40 > -1.1423913836479187 & eye_lmk_Z_37 <= 0.17101329565048218 & eye_lmk_X_11 > -2.546178460121155 & eye_lmk_X_3 > -0.9533762335777283 & eye_lmk_X_2 <= -0.8265738785266876,rule,-0.05013706465155847,0.025390625,0.007886982767864799
1605,eye_lmk_X_53 <= 1.5046246647834778 & eye_lmk_Z_39 <= 1.466951847076416 & eye_lmk_X_7 > -0.2734612971544266 & eye_lmk_Z_36 > 1.1158056855201721 & eye_lmk_Z_14 <= 1.5238440036773682,rule,-1.315962314818296,0.025390625,0.20701196155504786
497,eye_lmk_X_9 <= -0.45347602665424347 & eye_lmk_Y_16 > 1.5850844383239746,rule,-0.11124310804861764,0.025390625,0.017499478326477913
712,eye_lmk_Y_9 > -0.5148768424987793 & eye_lmk_Y_14 <= -0.4880659431219101,rule,-0.628627365495463,0.025390625,0.09888838194911853
1524,eye_lmk_X_39 > -0.8200342059135437 & eye_lmk_Y_31 > 0.9407135546207428 & eye_lmk_X_34 > -0.8498981893062592 & eye_lmk_Y_15 > 0.9349323809146881 & eye_lmk_Z_37 <= -0.7409551739692688 & eye_lmk_Y_49 <= 1.444525122642517 & eye_lmk_Y_3 > -2.8200963735580444,rule,-0.057527581882952386,0.025390625,0.009049573407239213
353,eye_lmk_Z_6 <= -0.23420940339565277 & eye_lmk_Z_2 > -0.2854379713535309,rule,-0.05241148865394211,0.025390625,0.0082447688296992
945,eye_lmk_Z_31 <= 0.7474731802940369 & eye_lmk_Y_40 <= 0.7176981270313263 & eye_lmk_Y_37 > 0.5945437252521515 & eye_lmk_Z_42 > -0.5958055257797241,rule,0.4164037280646529,0.025390625,0.06550381540173576
114,eye_lmk_X_46 <= -0.619399905204773 & eye_lmk_Y_19 > 0.7359037697315216 & eye_lmk_Y_36 > 0.626886248588562 & eye_lmk_X_36 <= -1.1153520941734314,rule,-0.27740574938661094,0.025390625,0.04363826203875724
119,eye_lmk_Z_49 <= -0.6868744492530823 & eye_lmk_Z_36 > -1.3124997019767761 & eye_lmk_Z_44 <= -0.9608037769794464 & eye_lmk_X_45 > -1.0263805389404297 & eye_lmk_Z_24 <= 0.7199819982051849 & eye_lmk_Z_18 <= 0.7174488306045532 & eye_lmk_X_54 > -1.1095888018608093 & eye_lmk_X_43 <= 0.5954785346984863 & eye_lmk_Z_17 <= 0.7455475926399231 & eye_lmk_X_13 > -0.817136287689209,rule,-0.40587474808797386,0.025390625,0.06384751812513244
970,eye_lmk_Z_35 <= -0.671533465385437 & eye_lmk_Z_2 > -0.09714363142848015 & eye_lmk_X_46 <= 0.41976019740104675 & eye_lmk_Y_39 > 0.2778872698545456 & eye_lmk_Y_47 > 0.30551065504550934,rule,-0.5589220111559585,0.025390625,0.08792314231404363
1226,eye_lmk_Y_9 > -0.6473778188228607 & eye_lmk_Y_29 <= -0.7549464702606201,rule,-0.14321500618928626,0.025390625,0.02252892732681032
398,eye_lmk_Z_18 > -0.511606901884079 & eye_lmk_X_17 <= -0.824110746383667 & eye_lmk_X_48 <= 0.055855490267276764 & eye_lmk_X_37 <= 0.04509175941348076 & eye_lmk_Z_19 <= 0.9348510801792145 & eye_lmk_X_28 <= -0.4359055459499359 & eye_lmk_Y_18 > 0.17493007332086563,rule,0.38484494790987955,0.0234375,0.05822258102058689
1934,eye_lmk_Y_37 <= 0.2977197915315628 & eye_lmk_Y_30 > -2.8101918697357178 & eye_lmk_Z_18 <= 1.5021905303001404 & eye_lmk_Z_34 <= 0.6189915239810944 & eye_lmk_Z_33 <= 0.6287383139133453 & eye_lmk_Y_47 > 0.15082046389579773 & eye_lmk_Y_38 <= 0.27828851342201233,rule,0.16910462236363039,0.0234375,0.02558356977269667
689,eye_lmk_Y_36 <= 0.626886248588562 & eye_lmk_Y_19 > 0.7359037697315216,rule,-0.0470846820161652,0.0234375,0.007123366769924987
1217,eye_lmk_Z_13 <= -0.8235612213611603 & eye_lmk_Z_1 > -0.8554626703262329 & eye_lmk_X_35 > -1.2485167980194092,rule,-0.12701335787924523,0.0234375,0.019215649211414037
1014,eye_lmk_Z_35 > -1.4475838541984558 & eye_lmk_Z_35 <= -1.2886337637901306,rule,-0.254697429548651,0.0234375,0.03853276964702196
822,eye_lmk_Z_14 <= 0.018234643153846264 & eye_lmk_X_26 <= -0.0472409762442112 & eye_lmk_Z_15 > -0.09952663630247116,rule,-0.28814058028338835,0.0234375,0.04359233081266032
1902,eye_lmk_Y_39 > -0.542048305273056 & eye_lmk_Y_12 > -0.8508757054805756 & eye_lmk_Y_44 > -3.098227858543396 & eye_lmk_X_39 <= 0.0076508717611432076 & eye_lmk_Y_36 <= 2.2513397932052612 & eye_lmk_Y_20 > 1.4836603999137878 & eye_lmk_X_37 <= 0.03444613330066204,rule,-0.17440857409337826,0.0234375,0.02638599620700923
173,eye_lmk_Y_3 > 1.221481442451477 & eye_lmk_Y_12 <= 1.3117064833641052,rule,-0.12457661077868094,0.0234375,0.01884699761221854
1276,eye_lmk_X_10 > -0.53757444024086 & eye_lmk_Y_31 > 0.3663195073604584 & eye_lmk_X_11 <= 0.0733998715877533 & eye_lmk_X_37 <= -0.5271106362342834 & eye_lmk_X_26 <= 0.05654940567910671,rule,-0.09039048017060351,0.0234375,0.013675032201423404
547,eye_lmk_Z_15 <= -1.413605511188507 & eye_lmk_Y_37 > 1.2955177426338196,rule,-0.42054377459899833,0.0234375,0.06362339981926274
268,eye_lmk_Y_8 <= -1.1695629954338074 & eye_lmk_Z_7 <= 0.4348066449165344 & eye_lmk_Y_43 > -1.579401969909668,rule,0.0046327178470375084,0.0234375,0.0007008765261427402
344,eye_lmk_Z_36 <= -1.2865086197853088 & eye_lmk_Z_37 > -1.3923612236976624,rule,-0.6781013770579853,0.0234375,0.10258888048382396
1168,eye_lmk_X_36 > -0.4602958858013153 & eye_lmk_X_46 > -0.4665427953004837 & eye_lmk_X_2 > -0.8265738785266876 & eye_lmk_X_11 > -2.546178460121155 & eye_lmk_Y_0 > 1.3040103912353516 & eye_lmk_X_3 > -0.9533762335777283 & eye_lmk_Y_32 <= 1.5368245244026184,rule,-0.2556438122239243,0.0234375,0.03867594637907167
598,eye_lmk_Z_35 <= 0.45046718418598175 & eye_lmk_X_16 <= -0.10598497465252876 & eye_lmk_Z_22 > 1.427773892879486,rule,-0.4555572823931669,0.021484375,0.06605234461198466
121,eye_lmk_Z_46 > -0.9502204060554504 & eye_lmk_Z_34 <= -0.9025717973709106,rule,-0.07863290767936576,0.021484375,0.011401174158812541
1933,eye_lmk_X_46 <= -0.619399905204773 & eye_lmk_Z_24 <= -0.2759245038032532 & eye_lmk_X_32 <= -0.7026553452014923 & eye_lmk_Y_36 > 0.626886248588562 & eye_lmk_X_36 > -1.1153520941734314 & eye_lmk_Y_19 > 0.7359037697315216,rule,0.512696864472262,0.021484375,0.07433714986555508
793,eye_lmk_Z_17 > 0.15481828153133392 & eye_lmk_X_8 > -0.8688290417194366 & eye_lmk_Z_19 > 0.16687075793743134 & eye_lmk_Z_45 <= 0.7989159524440765 & eye_lmk_X_32 <= -0.3404761552810669 & eye_lmk_Z_28 <= 0.8507663607597351 & eye_lmk_X_16 <= -0.6508454978466034,rule,-0.5281869831997031,0.021484375,0.07658309938674496
454,eye_lmk_Y_17 > 1.1002726554870605 & eye_lmk_Y_16 <= 1.3778542876243591 & eye_lmk_Z_41 <= -0.7805353999137878 & eye_lmk_X_27 <= 0.366169236600399,rule,-0.6274312105366042,0.021484375,0.09097275829060504
630,eye_lmk_X_34 <= -0.5404505133628845 & eye_lmk_X_34 > -0.6604948937892914 & eye_lmk_X_15 > -0.5934635102748871,rule,-0.3544892990210413,0.021484375,0.051398254939958574
806,eye_lmk_Y_1 <= 0.8947851359844208 & eye_lmk_Y_9 > 0.8307823836803436,rule,-0.4723772113978168,0.021484375,0.06849110651943982
1046,eye_lmk_X_10 > -2.1869678497314453 & eye_lmk_X_28 > -1.0535809993743896 & eye_lmk_X_53 > -0.4614543914794922 & eye_lmk_X_29 <= -0.4169324040412903,rule,-0.07233990208348663,0.021484375,0.010488736161815676
1320,eye_lmk_Z_36 > 1.1158056855201721 & eye_lmk_X_53 > 1.5046246647834778 & eye_lmk_Z_14 <= 1.5238440036773682,rule,0.019173802592820557,0.021484375,0.0027800556929526207
1404,eye_lmk_Y_9 > 1.6257882118225098 & eye_lmk_X_19 <= -0.1357918232679367,rule,-0.840312632815808,0.021484375,0.1218389470429996
1520,eye_lmk_Z_36 <= 2.328101873397827 & eye_lmk_Y_43 <= 1.3801948428153992 & eye_lmk_Y_16 > 1.2237161993980408 & eye_lmk_Y_47 > 1.2605544328689575,rule,-0.029605107889569323,0.01953125,0.004096835684990003
1006,eye_lmk_Y_53 <= -1.1351855993270874 & eye_lmk_Y_39 > -1.2410640716552734,rule,-0.6261353261825534,0.01953125,0.08664631649058506
1980,eye_lmk_X_34 > -1.0393015146255493 & eye_lmk_X_41 <= -0.38776564598083496 & eye_lmk_Y_50 > -1.8762943148612976 & eye_lmk_X_46 > -0.43436236679553986,rule,-0.2949282729616275,0.01953125,0.04081297989822137
1883,eye_lmk_X_30 <= -0.721683144569397 & eye_lmk_X_43 > -0.8004328310489655 & eye_lmk_Z_13 > -1.166200339794159,rule,-0.2031388068471098,0.01953125,0.028110902888847326
99,eye_lmk_Z_2 <= 0.9525973498821259 & eye_lmk_Z_7 <= 0.9340739250183105 & eye_lmk_Z_43 > 0.9212818741798401 & eye_lmk_Z_13 <= 0.4105743318796158 & eye_lmk_X_43 > -0.21902382333064452 & eye_lmk_Z_25 <= 0.18466348201036453,rule,0.03346295863432071,0.017578125,0.004397436965458229
1392,eye_lmk_Z_49 <= -0.6868744492530823 & eye_lmk_Z_36 > -1.3124997019767761 & eye_lmk_X_43 > 0.5954785346984863 & eye_lmk_X_45 > -1.0263805389404297 & eye_lmk_Z_24 <= 0.7199819982051849 & eye_lmk_Z_18 <= 0.7174488306045532 & eye_lmk_X_54 > -1.1095888018608093 & eye_lmk_Z_17 <= 0.7455475926399231,rule,0.6317871385877497,0.017578125,0.08302446140184967
1628,eye_lmk_X_36 <= -0.826434999704361 & eye_lmk_X_1 <= -0.08074723184108734 & eye_lmk_X_34 > -0.8752408921718597 & eye_lmk_Z_22 > -1.9177029132843018,rule,-0.32546535682790734,0.017578125,0.04277007920104211
1285,eye_lmk_Y_36 > 1.7807036638259888 & eye_lmk_Z_14 > -1.3885939717292786 & eye_lmk_Y_29 > 1.871711790561676,rule,0.5107330454664846,0.017578125,0.06711649134670035
1403,eye_lmk_Y_19 > 1.6802504062652588 & eye_lmk_X_2 > -0.2837093025445938,rule,0.6297134409624785,0.017578125,0.08275195248558194
1317,eye_lmk_Y_6 <= 0.8008182942867279 & eye_lmk_Y_18 > 0.757640540599823,rule,-0.028329084675592156,0.017578125,0.0037227839149368163
1312,eye_lmk_Z_47 > 1.1224969029426575 & eye_lmk_Z_30 > 1.1938626766204834 & eye_lmk_Z_49 <= 1.2814720273017883,rule,-0.03231885918451496,0.017578125,0.004247088478113893
757,eye_lmk_Y_32 > 1.554930329322815 & eye_lmk_Z_36 <= -1.3143562078475952,rule,-0.03837504748115269,0.017578125,0.005042944773321929
1894,eye_lmk_Z_36 > 1.8769717812538147 & eye_lmk_Z_36 <= 1.9957879781723022,rule,-0.6471047570544751,0.015625,0.0802536684081099
1979,eye_lmk_Y_43 > 0.8720314502716064 & eye_lmk_Y_9 <= 1.5380278825759888 & eye_lmk_Y_40 <= 0.892634779214859,rule,-0.4324188300049492,0.015625,0.05362840717568487
646,eye_lmk_Y_1 > 0.14675278589129448 & eye_lmk_Z_20 <= -0.23238219320774078 & eye_lmk_Z_17 > -0.26781731843948364,rule,-0.7964594770022272,0.015625,0.0987765799447716
955,eye_lmk_Y_38 <= 0.5848760306835175 & eye_lmk_Y_9 > 0.7516259551048279,rule,-0.14655665148714547,0.015625,0.018175896225813348
679,eye_lmk_Z_47 <= -0.43572092056274414 & eye_lmk_Z_42 > -1.0161588191986084 & eye_lmk_Z_51 > -0.5164712965488434 & eye_lmk_Z_51 <= -0.43052396178245544,rule,-0.1864151516880916,0.015625,0.023119131186612792
908,eye_lmk_X_32 <= -0.6101278364658356 & eye_lmk_X_52 > -0.6440524458885193,rule,-0.11660158473680785,0.015625,0.014460881047950859
988,eye_lmk_Z_35 > 1.1517175436019897 & eye_lmk_Y_52 > 0.6511496007442474 & eye_lmk_X_45 > -0.912487804889679 & eye_lmk_Y_31 > 0.5045690685510635 & eye_lmk_Z_28 > 1.104579508304596,rule,0.35877127520711655,0.015625,0.04449466742585361
107,eye_lmk_Z_14 <= -1.1049977540969849 & eye_lmk_X_35 <= 0.21272297203540802 & eye_lmk_Z_43 > -1.5537404417991638 & eye_lmk_X_2 > -0.8505609333515167 & eye_lmk_Z_8 > -1.1411759853363037 & eye_lmk_X_55 <= 0.2613835632801056,rule,-0.6480825735306447,0.015625,0.0803749368092258
241,eye_lmk_X_0 > 0.04822200443595648 & eye_lmk_Y_42 <= 1.2880862355232239 & eye_lmk_Y_18 > 0.757640540599823 & eye_lmk_Z_36 <= 0.0464602243155241 & eye_lmk_Y_6 > 0.8008182942867279 & eye_lmk_Y_14 > 0.9010951220989227,rule,-0.22985947565933443,0.013671875,0.026692371445572183
1767,eye_lmk_Z_9 > -0.9154269099235535 & eye_lmk_Z_0 <= -0.8821690380573273,rule,-0.030110359679787556,0.013671875,0.003496557636474496
1365,eye_lmk_Y_47 <= 0.298785001039505 & eye_lmk_Z_10 <= 0.7812256515026093 & eye_lmk_Y_40 > 0.20444054156541824,rule,-0.7252623112194667,0.013671875,0.08422089605405408
359,eye_lmk_Z_18 > 0.7174488306045532 & eye_lmk_Z_8 <= 0.7692753672599792 & eye_lmk_Y_46 > -2.9358021020889282,rule,-0.2963716757701142,0.013671875,0.0344160832739693
535,eye_lmk_Y_12 <= 0.8156546056270599 & eye_lmk_Y_18 > 0.7852244973182678,rule,-0.18396756518088114,0.013671875,0.02136318535339954
1859,eye_lmk_Z_19 > 0.9348510801792145 & eye_lmk_Z_18 > -0.511606901884079 & eye_lmk_X_17 <= -0.824110746383667 & eye_lmk_X_48 <= 0.055855490267276764 & eye_lmk_X_37 <= 0.04509175941348076 & eye_lmk_X_28 <= -0.4359055459499359 & eye_lmk_Y_18 > 0.17493007332086563,rule,-0.5686041956164547,0.013671875,0.06602901338467772
551,eye_lmk_X_42 > 0.6412759721279144 & eye_lmk_Y_18 <= 0.757640540599823 & eye_lmk_X_2 > 0.5873990058898926 & eye_lmk_X_37 <= 0.7304039299488068,rule,-0.3050982952638228,0.013671875,0.03542945967849684
805,eye_lmk_Z_35 > 0.5981972515583038 & eye_lmk_Z_51 <= 0.7876859903335571 & eye_lmk_Z_52 <= 0.5915637910366058,rule,-0.2877263673162502,0.013671875,0.03341214909266067
77,eye_lmk_Z_35 > 1.2265176177024841 & eye_lmk_Z_1 <= 0.1768953502178192,rule,-0.14574337123124012,0.013671875,0.016924410836122086
1581,eye_lmk_Y_37 > 0.5945437252521515 & eye_lmk_X_11 <= 0.6052035391330719 & eye_lmk_Y_40 <= 0.7176981270313263 & eye_lmk_Z_31 <= 0.7474731802940369 & eye_lmk_Z_42 <= -0.5958055257797241,rule,-0.364826690475242,0.013671875,0.04236540393860632
1080,eye_lmk_Y_43 <= 1.3801948428153992 & eye_lmk_Z_36 <= 2.328101873397827 & eye_lmk_Y_47 <= 1.2605544328689575 & eye_lmk_Y_16 > 1.2237161993980408 & eye_lmk_Z_41 > -0.7600344121456146,rule,0.10558540271838264,0.01171875,0.011362785368207964
1241,eye_lmk_X_38 <= -0.4388888478279114 & eye_lmk_Z_7 > -2.1674835681915283 & eye_lmk_X_45 > -0.4274389296770096,rule,-0.39097388035787156,0.01171875,0.04207544009592963
1485,eye_lmk_Z_21 <= -0.7445557415485382 & eye_lmk_Z_17 > -0.8441385924816132 & eye_lmk_X_46 <= 0.5940708965063095 & eye_lmk_Z_39 > -0.28698457032442093,rule,-0.11099043105770161,0.01171875,0.011944458358484587
1313,eye_lmk_Y_42 <= 1.632292091846466 & eye_lmk_Z_36 > -0.005521848797798157 & eye_lmk_Y_18 > 0.7903964817523956 & eye_lmk_Y_0 <= 0.897891491651535 & eye_lmk_Y_4 <= 1.0066218972206116 & eye_lmk_Y_12 <= 1.573322832584381 & eye_lmk_Z_17 > -0.8441385924816132 & eye_lmk_Z_21 > -0.7445557415485382,rule,-0.3640869710790001,0.01171875,0.039181951304063656
746,eye_lmk_X_9 > -0.09541180357336998 & eye_lmk_Y_19 <= 1.074899971485138 & eye_lmk_X_13 <= -0.07412924617528915,rule,-0.2212556354437441,0.01171875,0.02381086999080058
157,eye_lmk_X_34 > 0.01708878856152296 & eye_lmk_X_46 <= 0.03761744685471058,rule,-0.016571544392903544,0.01171875,0.001783380063042653
1093,eye_lmk_X_53 <= 1.5046246647834778 & eye_lmk_X_7 > -0.2734612971544266 & eye_lmk_Z_39 > 1.466951847076416 & eye_lmk_Z_36 > 1.1158056855201721 & eye_lmk_Z_14 <= 1.5238440036773682,rule,-0.12295120068600977,0.01171875,0.013231640626354882
348,eye_lmk_Z_11 <= 1.5996509194374084 & eye_lmk_Z_2 > 1.3244786858558655 & eye_lmk_Z_17 > -1.2139447331428528 & eye_lmk_Z_22 > -1.2664842009544373 & eye_lmk_Y_46 > -0.6302227675914764 & eye_lmk_X_20 > -0.7697397172451019,rule,-0.21332957271089373,0.01171875,0.022957890816316162
412,eye_lmk_Y_1 > 0.15016846358776093 & eye_lmk_Y_24 <= 0.17793554067611694,rule,-0.4981132792243821,0.01171875,0.05360546188356288
1616,eye_lmk_X_34 > -0.9112541973590851 & eye_lmk_X_38 <= -0.9017628133296967,rule,-0.06060449126368432,0.01171875,0.006522074158446021
416,eye_lmk_Z_8 > 1.1897650361061096 & eye_lmk_Z_18 <= 1.2576580047607422,rule,-1.1581252693238218,0.01171875,0.12463397899730252
87,eye_lmk_Z_15 > 0.8132945597171783 & eye_lmk_X_19 > 1.1681153774261475 & eye_lmk_Z_14 <= 1.1797046661376953,rule,0.6026473322046764,0.01171875,0.06485510413621459
976,eye_lmk_X_3 <= -0.8722160160541534 & eye_lmk_X_3 > -0.8988467454910278,rule,-0.5920560429142644,0.01171875,0.06371530124792577
986,eye_lmk_Y_11 > 0.3263806104660034 & eye_lmk_Y_50 > 1.0956937074661255 & eye_lmk_X_30 <= 0.11911783739924431 & eye_lmk_Y_8 > 0.180613175034523 & eye_lmk_X_23 > 0.035768020898103714,rule,-0.062065155466334565,0.009765625,0.006103330225608485
1307,eye_lmk_Y_9 <= 1.0131863355636597 & eye_lmk_Y_17 > 0.961099237203598,rule,-0.31641129181597316,0.009765625,0.031115085212535372
1854,eye_lmk_Z_37 > 0.1263454519212246 & eye_lmk_Z_47 <= 0.15140660107135773,rule,-0.287543714087582,0.009765625,0.028276320717933238
1705,eye_lmk_Z_36 <= -1.360768735408783 & eye_lmk_Z_45 > -1.3881661891937256,rule,-0.006292940108066707,0.009765625,0.0006188317950857417
130,eye_lmk_Y_47 <= 0.298785001039505 & eye_lmk_Z_10 > 0.7812256515026093 & eye_lmk_Y_40 > 0.20444054156541824,rule,0.11003228397596505,0.009765625,0.010820296179673852
1079,eye_lmk_Y_42 <= 1.344081461429596 & eye_lmk_Y_50 > 1.3100990653038025,rule,-0.4129844654685539,0.009765625,0.04061184656450597
1330,eye_lmk_Y_23 > 1.2922762036323547 & eye_lmk_Y_38 <= 1.3946669697761536,rule,-0.22643825303581203,0.009765625,0.022267364410890653
904,eye_lmk_Z_8 > -0.1780165508389473 & eye_lmk_Z_15 > -0.26418615877628326 & eye_lmk_Z_15 <= -0.1906488910317421,rule,-0.30368497700761354,0.009765625,0.029863611640176375
1346,eye_lmk_Z_52 <= -0.7336312532424927 & eye_lmk_Z_30 > -0.78318852186203 & eye_lmk_Z_1 <= 0.5567400455474854 & eye_lmk_Z_29 <= -0.7455935478210449,rule,-0.11992998659104877,0.009765625,0.011793611191629179
1129,eye_lmk_Y_27 > -1.4624379128217697 & eye_lmk_Z_37 > 1.3844897150993347 & eye_lmk_Z_26 <= 1.0676692724227905 & eye_lmk_Z_29 > 1.635834813117981 & eye_lmk_Z_43 > 1.4517772197723389 & eye_lmk_Y_30 <= 0.37441669404506683,rule,-0.2694898782360381,0.009765625,0.02650095221667055
542,eye_lmk_Y_40 <= 0.7176981270313263 & eye_lmk_Y_37 > 0.5945437252521515 & eye_lmk_Z_31 > 0.7474731802940369,rule,-0.05214466662668609,0.009765625,0.005127774474029312
839,eye_lmk_Z_31 > -0.34014782309532166 & eye_lmk_X_12 > -2.226951003074646 & eye_lmk_Z_36 <= -0.43623045086860657,rule,-0.44839894587132867,0.009765625,0.04409441688987504
1422,eye_lmk_Z_1 > -1.0099223256111145 & eye_lmk_Z_11 <= -0.9957180023193359,rule,-0.012801796850601956,0.009765625,0.0012588962852555766
1438,eye_lmk_X_11 > -2.546178460121155 & eye_lmk_X_2 <= -0.8265738785266876 & eye_lmk_Z_37 > 0.17101329565048218 & eye_lmk_X_3 > -0.9533762335777283,rule,0.007109970243507756,0.009765625,0.0006991764697007144
1583,eye_lmk_Y_39 > 0.766535758972168 & eye_lmk_Z_34 <= 1.4359885454177856 & eye_lmk_Y_41 <= 0.9284409582614899 & eye_lmk_Z_49 <= 1.425542950630188 & eye_lmk_Y_5 <= 0.9069011509418488 & eye_lmk_X_5 > -2.499711275100708,rule,-0.3796124526798379,0.009765625,0.03733012733231547
1878,eye_lmk_X_45 <= 0.47432324290275574 & eye_lmk_X_50 > 0.4234617203474045,rule,-0.21069216448722825,0.009765625,0.020718933935665183
1191,eye_lmk_Z_14 > 1.3884187936782837 & eye_lmk_Z_22 <= 1.4581002593040466,rule,-0.061403498074793214,0.0078125,0.005406111564166891
1935,eye_lmk_X_3 > 1.2366811037063599 & eye_lmk_X_14 <= 1.2391111850738525,rule,-1.0968052280017928,0.0078125,0.09656536862959764
135,eye_lmk_Y_31 <= -0.23440780490636826 & eye_lmk_Y_28 > -0.21496225148439407,rule,-0.15893977237354756,0.0078125,0.013993439598312046
59,eye_lmk_Y_40 <= -0.5860751569271088 & eye_lmk_Y_41 > -0.6181054711341858,rule,-0.10906385284947157,0.0078125,0.009602243758229241
795,eye_lmk_Z_30 <= 1.1938626766204834 & eye_lmk_Z_47 > 1.1224969029426575 & eye_lmk_Z_49 <= 1.2814720273017883,rule,0.14869205973435212,0.0078125,0.013091206345451878
1872,eye_lmk_Y_10 > 0.9841238856315613 & eye_lmk_Y_21 <= 1.0064204335212708,rule,-0.6006215031165076,0.0078125,0.0528801608294429
862,eye_lmk_X_42 > 0.41537296772003174 & eye_lmk_Z_14 > 0.9964823722839355 & eye_lmk_X_38 <= 0.5161212384700775 & eye_lmk_X_2 <= 0.5747742652893066,rule,-0.3057053823973943,0.0078125,0.026915036680704295
797,eye_lmk_X_45 <= 0.34167174994945526 & eye_lmk_Z_15 <= -0.09952663630247116 & eye_lmk_X_5 > 0.4082982987165451,rule,-0.967024633842286,0.0078125,0.08513917317025169
1318,eye_lmk_Y_32 > -0.46963001787662506 & eye_lmk_Y_12 <= -0.8508757054805756 & eye_lmk_Y_39 > -0.542048305273056 & eye_lmk_Y_44 > -3.098227858543396,rule,-0.05085259933132303,0.0078125,0.004477185077927448
753,eye_lmk_X_0 > -0.8537066280841827 & eye_lmk_X_10 <= -0.8580786883831024,rule,-0.6233901328633022,0.0078125,0.05488476572059176
355,eye_lmk_Y_46 <= -1.2020063996315002 & eye_lmk_Y_42 > -1.358510971069336 & eye_lmk_Y_53 > -1.2540875673294067,rule,-0.003913134509060284,0.0078125,0.00034452176805633194
1724,eye_lmk_X_28 <= 0.022711866069585085 & eye_lmk_X_29 <= 0.021932178176939487 & eye_lmk_Z_28 <= 1.8473564386367798 & eye_lmk_Z_46 > 0.7260732054710388 & eye_lmk_Y_52 <= -1.707786500453949 & eye_lmk_Y_52 <= -1.4290031790733337,rule,-0.8382372230619396,0.0078125,0.07380041996289076
985,eye_lmk_Z_36 > 2.3559494018554688 & eye_lmk_Z_37 <= 2.728247284889221,rule,-0.5706213308488219,0.0078125,0.05023887355252287
896,eye_lmk_Z_24 <= -0.3693402111530304 & eye_lmk_Z_12 <= -0.7368817329406738 & eye_lmk_Z_22 > -0.7637049555778503,rule,-0.10338646846063405,0.0078125,0.00910239319008523
1135,eye_lmk_Y_5 <= -0.5887549221515656 & eye_lmk_Y_42 > -0.029448150657117367 & eye_lmk_Y_39 <= 1.1723624467849731,rule,-0.33383468886222895,0.005859375,0.025478920277079976
1415,eye_lmk_Y_15 <= 0.23283813893795013 & eye_lmk_Z_15 <= 1.3456403017044067 & eye_lmk_Y_14 > 0.23634319007396698,rule,-0.1966211170541115,0.005859375,0.015006510507599106
81,eye_lmk_Y_41 <= -0.3216428905725479 & eye_lmk_Y_42 > -0.3407156616449356,rule,-0.4757542633020134,0.005859375,0.036310501426517275
593,eye_lmk_Y_13 <= -0.7095891237258911 & eye_lmk_Y_1 > -0.7208280861377716,rule,-0.5497233704339153,0.005859375,0.041955969217787756
2003,eye_lmk_Y_47 <= -1.2111257314682007 & eye_lmk_Y_40 > -1.2610666751861572,rule,-0.318782201635347,0.005859375,0.024330084836004028
892,eye_lmk_Y_38 > 0.5848760306835175 & eye_lmk_Z_42 <= 0.25048091262578964 & eye_lmk_Y_9 > 0.7516259551048279 & eye_lmk_Z_28 > 0.21623336523771286,rule,-0.21481689888483263,0.005859375,0.016395248377303866
1326,eye_lmk_Z_44 > 0.8109726011753082 & eye_lmk_Z_32 <= 0.8117274045944214,rule,-0.1291753441791696,0.005859375,0.009858916421545702
381,eye_lmk_Z_51 > 1.8975276350975037 & eye_lmk_X_29 > -0.4604234993457794 & eye_lmk_Y_42 <= -0.10850021243095398 & eye_lmk_Z_30 > 0.5013362765312195 & eye_lmk_Z_50 > 0.4779984652996063,rule,-0.05470917845141441,0.005859375,0.0041755121402719
366,eye_lmk_Y_8 <= 1.6191834211349487 & eye_lmk_Y_42 <= 1.5779438018798828 & eye_lmk_Z_36 <= 0.1708459034562111 & eye_lmk_Z_49 > 0.21123039722442627,rule,-0.12398984315912326,0.005859375,0.00946314878117025
1775,eye_lmk_X_29 <= -0.4169324040412903 & eye_lmk_Y_38 > 1.2830291390419006 & eye_lmk_X_10 > -2.1869678497314453 & eye_lmk_Y_51 > 1.6417542695999146 & eye_lmk_X_53 <= -0.4614543914794922 & eye_lmk_X_28 > -1.0535809993743896,rule,0.5682797111966186,0.005859375,0.04337222565458473
1416,eye_lmk_Z_34 <= 1.4359885454177856 & eye_lmk_Z_49 > 1.425542950630188,rule,-0.7543434289744541,0.00390625,0.04705429127198766
200,eye_lmk_Y_14 > 0.3113408237695694 & eye_lmk_Y_14 <= 0.3232722878456116,rule,-0.22319536528565687,0.00390625,0.013922438143309715
191,eye_lmk_Z_0 > 1.4298940896987915 & eye_lmk_Z_8 <= 1.4690337181091309,rule,-0.343386119313756,0.00390625,0.021419674191255095
455,eye_lmk_X_20 <= -0.7697397172451019 & eye_lmk_Z_17 > -1.2139447331428528 & eye_lmk_Z_22 > -1.2664842009544373 & eye_lmk_X_7 > -0.7805737555027008,rule,-0.45021862527063294,0.00390625,0.028083651975810676
